,id,match_date,tournament_id,tournament_name,tournament_rank,season_id,season_name,round_id,round_name,team1_id,team1_name,team2_id,team2_name,team1_score,team2_score,status_id,status_name,referee_id,referee_name,stadium_id,stadium_name,attendance,duration,match_name,group_id,group_name,available_events,calc_ts_first,ts
0,2220293,2022-10-19 01:00:00,217,Colombia. Primera A,2,29,2022,,,1492,Atletico Nacional,3354,La Equidad,0,0,1,Scheduled,,,,,,,Atletico Nacional - La Equidad,,,False,,2022-04-18 06:29:01.069
1,2220299,2022-10-19 01:00:00,217,Colombia. Primera A,2,29,2022,,,1506,Envigado,1497,Deportes Tolima,0,0,1,Scheduled,,,,,,,Envigado - Deportes Tolima,,,False,,2022-04-18 06:29:01.069
2,2220292,2022-10-19 01:00:00,217,Colombia. Primera A,2,29,2022,,,1495,Deportivo Cali,3362,Patriotas Boyaca,0,0,1,Scheduled,,,,,,,Deportivo Cali - Patriotas Boyaca,,,False,,2022-04-18 06:29:01.069
3,2220289,2022-10-19 01:00:00,217,Colombia. Primera A,2,29,2022,,,3365,Alianza Petrolera,1501,Millonarios,0,0,1,Scheduled,,,,,,,Alianza Petrolera - Millonarios,,,False,,2022-04-18 06:29:01.069
4,2220290,2022-10-19 01:00:00,217,Colombia. Primera A,2,29,2022,,,1505,Independiente Santa Fe,1493,Once Caldas,0,0,1,Scheduled,,,,,,,Independiente Santa Fe - Once Caldas,,,False,,2022-04-18 06:29:01.069
5,2220295,2022-10-19 01:00:00,217,Colombia. Primera A,2,29,2022,,,10195,Jaguares de Cordoba,1494,CD Popular Junior FC SA,0,0,1,Scheduled,,,,,,,Jaguares de Cordoba - CD Popular Junior FC SA,,,False,,2022-04-18 06:29:01.069
6,2220291,2022-10-19 01:00:00,217,Colombia. Primera A,2,29,2022,,,1502,Atletico Bucaramanga,1496,Deportivo Pereira,0,0,1,Scheduled,,,,,,,Atletico Bucaramanga - Deportivo Pereira,,,False,,2022-04-18 06:29:01.069
7,2220297,2022-10-19 01:00:00,217,Colombia. Primera A,2,29,2022,,,1503,Cortulua,3356,Aguilas Doradas,0,0,1,Scheduled,,,,,,,Cortulua - Aguilas Doradas,,,False,,2022-04-18 06:29:01.069
8,2220296,2022-10-19 01:00:00,217,Colombia. Primera A,2,29,2022,,,1498,Deportivo Pasto,1500,Independiente Medellin,0,0,1,Scheduled,,,,,,,Deportivo Pasto - Independiente Medellin,,,False,,2022-04-18 06:29:01.069
9,2220294,2022-10-19 01:00:00,217,Colombia. Primera A,2,29,2022,,,1508,Union Magdalena,1491,America de Cali,0,0,1,Scheduled,,,,,,,Union Magdalena - America de Cali,,,False,,2022-04-18 06:29:01.069
10,2220282,2022-10-16 01:00:00,217,Colombia. Primera A,2,29,2022,,,1491,America de Cali,1498,Deportivo Pasto,0,0,1,Scheduled,,,,,,,America de Cali - Deportivo Pasto,,,False,,2022-04-18 06:29:01.069
11,2220281,2022-10-16 01:00:00,217,Colombia. Primera A,2,29,2022,,,1500,Independiente Medellin,10195,Jaguares de Cordoba,0,0,1,Scheduled,,,,,,,Independiente Medellin - Jaguares de Cordoba,,,False,,2022-04-18 06:29:01.069
12,2220279,2022-10-16 01:00:00,217,Colombia. Primera A,2,29,2022,,,1497,Deportes Tolima,1501,Millonarios,0,0,1,Scheduled,,,,,,,Deportes Tolima - Millonarios,,,False,,2022-04-18 06:29:01.069
13,2220288,2022-10-16 01:00:00,217,Colombia. Primera A,2,29,2022,,,3356,Aguilas Doradas,1506,Envigado,0,0,1,Scheduled,,,,,,,Aguilas Doradas - Envigado,,,False,,2022-04-18 06:29:01.069
14,2220280,2022-10-16 01:00:00,217,Colombia. Primera A,2,29,2022,,,1494,CD Popular Junior FC SA,1503,Cortulua,0,0,1,Scheduled,,,,,,,CD Popular Junior FC SA - Cortulua,,,False,,2022-04-18 06:29:01.069
15,2220283,2022-10-16 01:00:00,217,Colombia. Primera A,2,29,2022,,,1493,Once Caldas,3365,Alianza Petrolera,0,0,1,Scheduled,,,,,,,Once Caldas - Alianza Petrolera,,,False,,2022-04-18 06:29:01.069
16,2220284,2022-10-16 01:00:00,217,Colombia. Primera A,2,29,2022,,,3362,Patriotas Boyaca,1502,Atletico Bucaramanga,0,0,1,Scheduled,,,,,,,Patriotas Boyaca - Atletico Bucaramanga,,,False,,2022-04-18 06:29:01.069
17,2220285,2022-10-16 01:00:00,217,Colombia. Primera A,2,29,2022,,,1505,Independiente Santa Fe,1495,Deportivo Cali,0,0,1,Scheduled,,,,,,,Independiente Santa Fe - Deportivo Cali,,,False,,2022-04-18 06:29:01.069
18,2220286,2022-10-16 01:00:00,217,Colombia. Primera A,2,29,2022,,,3354,La Equidad,1508,Union Magdalena,0,0,1,Scheduled,,,,,,,La Equidad - Union Magdalena,,,False,,2022-04-18 06:29:01.069
19,2220287,2022-10-16 01:00:00,217,Colombia. Primera A,2,29,2022,,,1496,Deportivo Pereira,1492,Atletico Nacional,0,0,1,Scheduled,,,,,,,Deportivo Pereira - Atletico Nacional,,,False,,2022-04-18 06:29:01.069
20,2220205,2022-10-09 01:00:00,217,Colombia. Primera A,2,29,2022,,,1495,Deportivo Cali,1493,Once Caldas,0,0,1,Scheduled,,,,,,,Deportivo Cali - Once Caldas,,,False,,2022-04-18 06:26:02.973
21,2220206,2022-10-09 01:00:00,217,Colombia. Primera A,2,29,2022,,,1508,Union Magdalena,1496,Deportivo Pereira,0,0,1,Scheduled,,,,,,,Union Magdalena - Deportivo Pereira,,,False,,2022-04-18 06:26:02.973
22,2220209,2022-10-09 01:00:00,217,Colombia. Primera A,2,29,2022,,,3365,Alianza Petrolera,1491,America de Cali,0,0,1,Scheduled,,,,,,,Alianza Petrolera - America de Cali,,,False,,2022-04-18 06:26:02.973
23,2220211,2022-10-09 01:00:00,217,Colombia. Primera A,2,29,2022,,,1506,Envigado,1494,CD Popular Junior FC SA,0,0,1,Scheduled,,,,,,,Envigado - CD Popular Junior FC SA,,,False,,2022-04-18 06:26:02.973
24,2220207,2022-10-09 01:00:00,217,Colombia. Primera A,2,29,2022,,,1501,Millonarios,3362,Patriotas Boyaca,0,0,1,Scheduled,,,,,,,Millonarios - Patriotas Boyaca,,,False,,2022-04-18 06:26:02.973
25,2220212,2022-10-09 01:00:00,217,Colombia. Primera A,2,29,2022,,,1492,Atletico Nacional,1500,Independiente Medellin,0,0,1,Scheduled,,,,,,,Atletico Nacional - Independiente Medellin,,,False,,2022-04-18 06:26:02.973
26,2220210,2022-10-09 01:00:00,217,Colombia. Primera A,2,29,2022,,,10195,Jaguares de Cordoba,1505,Independiente Santa Fe,0,0,1,Scheduled,,,,,,,Jaguares de Cordoba - Independiente Santa Fe,,,False,,2022-04-18 06:26:02.973
27,2220213,2022-10-09 01:00:00,217,Colombia. Primera A,2,29,2022,,,1498,Deportivo Pasto,3356,Aguilas Doradas,0,0,1,Scheduled,,,,,,,Deportivo Pasto - Aguilas Doradas,,,False,,2022-04-18 06:26:02.973
28,2220208,2022-10-09 01:00:00,217,Colombia. Primera A,2,29,2022,,,1502,Atletico Bucaramanga,3354,La Equidad,0,0,1,Scheduled,,,,,,,Atletico Bucaramanga - La Equidad,,,False,,2022-04-18 06:26:02.973
29,2220214,2022-10-09 01:00:00,217,Colombia. Primera A,2,29,2022,,,1503,Cortulua,1497,Deportes Tolima,0,0,1,Scheduled,,,,,,,Cortulua - Deportes Tolima,,,False,,2022-04-18 06:26:02.973
30,2220197,2022-10-05 01:00:00,217,Colombia. Primera A,2,29,2022,,,1491,America de Cali,10195,Jaguares de Cordoba,0,0,1,Scheduled,,,,,,,America de Cali - Jaguares de Cordoba,,,False,,2022-04-18 06:26:02.973
31,2220199,2022-10-05 01:00:00,217,Colombia. Primera A,2,29,2022,,,1497,Deportes Tolima,3365,Alianza Petrolera,0,0,1,Scheduled,,,,,,,Deportes Tolima - Alianza Petrolera,,,False,,2022-04-18 06:26:02.973
32,2220201,2022-10-05 01:00:00,217,Colombia. Primera A,2,29,2022,,,3356,Aguilas Doradas,1495,Deportivo Cali,0,0,1,Scheduled,,,,,,,Aguilas Doradas - Deportivo Cali,,,False,,2022-04-02 05:48:03.777
33,2220198,2022-10-05 01:00:00,217,Colombia. Primera A,2,29,2022,,,3362,Patriotas Boyaca,1498,Deportivo Pasto,0,0,1,Scheduled,,,,,,,Patriotas Boyaca - Deportivo Pasto,,,False,,2022-04-18 06:26:02.973
34,2220195,2022-10-05 01:00:00,217,Colombia. Primera A,2,29,2022,,,1505,Independiente Santa Fe,1501,Millonarios,0,0,1,Scheduled,,,,,,,Independiente Santa Fe - Millonarios,,,False,,2022-04-18 06:26:02.973
35,2220203,2022-10-05 01:00:00,217,Colombia. Primera A,2,29,2022,,,1493,Once Caldas,1492,Atletico Nacional,0,0,1,Scheduled,,,,,,,Once Caldas - Atletico Nacional,,,False,,2022-04-18 06:26:02.973
36,2220202,2022-10-05 01:00:00,217,Colombia. Primera A,2,29,2022,,,1494,CD Popular Junior FC SA,1508,Union Magdalena,0,0,1,Scheduled,,,,,,,CD Popular Junior FC SA - Union Magdalena,,,False,,2022-04-02 05:48:03.777
37,2220204,2022-10-05 01:00:00,217,Colombia. Primera A,2,29,2022,,,1496,Deportivo Pereira,1506,Envigado,0,0,1,Scheduled,,,,,,,Deportivo Pereira - Envigado,,,False,,2022-04-18 06:26:02.973
38,2220196,2022-10-05 01:00:00,217,Colombia. Primera A,2,29,2022,,,3354,La Equidad,1503,Cortulua,0,0,1,Scheduled,,,,,,,La Equidad - Cortulua,,,False,,2022-04-18 06:26:02.973
39,2220200,2022-10-05 01:00:00,217,Colombia. Primera A,2,29,2022,,,1500,Independiente Medellin,1502,Atletico Bucaramanga,0,0,1,Scheduled,,,,,,,Independiente Medellin - Atletico Bucaramanga,,,False,,2022-04-18 06:26:02.973
40,2220186,2022-10-02 01:00:00,217,Colombia. Primera A,2,29,2022,,,1501,Millonarios,1496,Deportivo Pereira,0,0,1,Scheduled,,,,,,,Millonarios - Deportivo Pereira,,,False,,2022-04-18 06:26:02.973
41,2220192,2022-10-02 01:00:00,217,Colombia. Primera A,2,29,2022,,,1508,Union Magdalena,1500,Independiente Medellin,0,0,1,Scheduled,,,,,,,Union Magdalena - Independiente Medellin,,,False,,2022-04-18 06:26:02.973
42,2220187,2022-10-02 01:00:00,217,Colombia. Primera A,2,29,2022,,,1506,Envigado,3362,Patriotas Boyaca,0,0,1,Scheduled,,,,,,,Envigado - Patriotas Boyaca,,,False,,2022-04-18 06:26:02.973
43,2220190,2022-10-02 01:00:00,217,Colombia. Primera A,2,29,2022,,,3365,Alianza Petrolera,1505,Independiente Santa Fe,0,0,1,Scheduled,,,,,,,Alianza Petrolera - Independiente Santa Fe,,,False,,2022-04-18 06:26:02.973
44,2220193,2022-10-02 01:00:00,217,Colombia. Primera A,2,29,2022,,,1492,Atletico Nacional,3356,Aguilas Doradas,0,0,1,Scheduled,,,,,,,Atletico Nacional - Aguilas Doradas,,,False,,2022-04-18 06:26:02.973
45,2220188,2022-10-02 01:00:00,217,Colombia. Primera A,2,29,2022,,,10195,Jaguares de Cordoba,3354,La Equidad,0,0,1,Scheduled,,,,,,,Jaguares de Cordoba - La Equidad,,,False,,2022-04-18 06:26:02.973
46,2220189,2022-10-02 01:00:00,217,Colombia. Primera A,2,29,2022,,,1495,Deportivo Cali,1491,America de Cali,0,0,1,Scheduled,,,,,,,Deportivo Cali - America de Cali,,,False,,2022-04-18 06:26:02.973
47,2220191,2022-10-02 01:00:00,217,Colombia. Primera A,2,29,2022,,,1502,Atletico Bucaramanga,1494,CD Popular Junior FC SA,0,0,1,Scheduled,,,,,,,Atletico Bucaramanga - CD Popular Junior FC SA,,,False,,2022-04-18 06:26:02.973
48,2220185,2022-10-02 01:00:00,217,Colombia. Primera A,2,29,2022,,,1503,Cortulua,1493,Once Caldas,0,0,1,Scheduled,,,,,,,Cortulua - Once Caldas,,,False,,2022-04-18 06:26:02.973
49,2220194,2022-10-02 01:00:00,217,Colombia. Primera A,2,29,2022,,,1498,Deportivo Pasto,1497,Deportes Tolima,0,0,1,Scheduled,,,,,,,Deportivo Pasto - Deportes Tolima,,,False,,2022-04-18 06:26:02.973
50,2220177,2022-09-25 01:00:00,217,Colombia. Primera A,2,29,2022,,,1496,Deportivo Pereira,1498,Deportivo Pasto,0,0,1,Scheduled,,,,,,,Deportivo Pereira - Deportivo Pasto,,,False,,2022-04-18 06:26:02.973
51,2220180,2022-09-25 01:00:00,217,Colombia. Primera A,2,29,2022,,,1494,CD Popular Junior FC SA,1495,Deportivo Cali,0,0,1,Scheduled,,,,,,,CD Popular Junior FC SA - Deportivo Cali,,,False,,2022-04-18 06:26:02.973
52,2220179,2022-09-25 01:00:00,217,Colombia. Primera A,2,29,2022,,,1503,Cortulua,1502,Atletico Bucaramanga,0,0,1,Scheduled,,,,,,,Cortulua - Atletico Bucaramanga,,,False,,2022-04-18 06:26:02.973
53,2220175,2022-09-25 01:00:00,217,Colombia. Primera A,2,29,2022,,,3354,La Equidad,1501,Millonarios,0,0,1,Scheduled,,,,,,,La Equidad - Millonarios,,,False,,2022-04-18 06:26:02.973
54,2220184,2022-09-25 01:00:00,217,Colombia. Primera A,2,29,2022,,,3356,Aguilas Doradas,1497,Deportes Tolima,0,0,1,Scheduled,,,,,,,Aguilas Doradas - Deportes Tolima,,,False,,2022-04-18 06:26:02.973
55,2220183,2022-09-25 01:00:00,217,Colombia. Primera A,2,29,2022,,,1505,Independiente Santa Fe,1506,Envigado,0,0,1,Scheduled,,,,,,,Independiente Santa Fe - Envigado,,,False,,2022-04-18 06:26:02.973
56,2220182,2022-09-25 01:00:00,217,Colombia. Primera A,2,29,2022,,,1491,America de Cali,1492,Atletico Nacional,0,0,1,Scheduled,,,,,,,America de Cali - Atletico Nacional,,,False,,2022-04-18 06:26:02.973
57,2220178,2022-09-25 01:00:00,217,Colombia. Primera A,2,29,2022,,,1500,Independiente Medellin,3365,Alianza Petrolera,0,0,1,Scheduled,,,,,,,Independiente Medellin - Alianza Petrolera,,,False,,2022-04-18 06:26:02.973
58,2220181,2022-09-25 01:00:00,217,Colombia. Primera A,2,29,2022,,,3362,Patriotas Boyaca,1508,Union Magdalena,0,0,1,Scheduled,,,,,,,Patriotas Boyaca - Union Magdalena,,,False,,2022-04-18 06:26:02.973
59,2220176,2022-09-25 01:00:00,217,Colombia. Primera A,2,29,2022,,,1493,Once Caldas,10195,Jaguares de Cordoba,0,0,1,Scheduled,,,,,,,Once Caldas - Jaguares de Cordoba,,,False,,2022-04-18 06:26:02.973
60,2220163,2022-09-21 01:00:00,217,Colombia. Primera A,2,29,2022,,,1506,Envigado,1500,Independiente Medellin,0,0,1,Scheduled,,,,,,,Envigado - Independiente Medellin,,,False,,2022-04-18 05:53:03.04
61,2220164,2022-09-21 01:00:00,217,Colombia. Primera A,2,29,2022,,,10195,Jaguares de Cordoba,3356,Aguilas Doradas,0,0,1,Scheduled,,,,,,,Jaguares de Cordoba - Aguilas Doradas,,,False,,2022-04-18 05:53:03.04
62,2220154,2022-09-21 01:00:00,217,Colombia. Primera A,2,29,2022,,,1498,Deportivo Pasto,1503,Cortulua,0,0,1,Scheduled,,,,,,,Deportivo Pasto - Cortulua,,,False,,2022-04-18 05:53:03.04
63,2220162,2022-09-21 01:00:00,217,Colombia. Primera A,2,29,2022,,,3365,Alianza Petrolera,1494,CD Popular Junior FC SA,0,0,1,Scheduled,,,,,,,Alianza Petrolera - CD Popular Junior FC SA,,,False,,2022-04-18 05:53:03.04
64,2220161,2022-09-21 01:00:00,217,Colombia. Primera A,2,29,2022,,,1508,Union Magdalena,1505,Independiente Santa Fe,0,0,1,Scheduled,,,,,,,Union Magdalena - Independiente Santa Fe,,,False,,2022-04-18 05:53:03.04
65,2220160,2022-09-21 01:00:00,217,Colombia. Primera A,2,29,2022,,,1501,Millonarios,1491,America de Cali,0,0,1,Scheduled,,,,,,,Millonarios - America de Cali,,,False,,2022-04-18 05:53:03.04
66,2220158,2022-09-21 01:00:00,217,Colombia. Primera A,2,29,2022,,,1495,Deportivo Cali,3354,La Equidad,0,0,1,Scheduled,,,,,,,Deportivo Cali - La Equidad,,,False,,2022-04-18 05:53:03.04
67,2220157,2022-09-21 01:00:00,217,Colombia. Primera A,2,29,2022,,,1492,Atletico Nacional,3362,Patriotas Boyaca,0,0,1,Scheduled,,,,,,,Atletico Nacional - Patriotas Boyaca,,,False,,2022-04-18 05:53:03.04
68,2220156,2022-09-21 01:00:00,217,Colombia. Primera A,2,29,2022,,,1497,Deportes Tolima,1496,Deportivo Pereira,0,0,1,Scheduled,,,,,,,Deportes Tolima - Deportivo Pereira,,,False,,2022-04-18 05:53:03.04
69,2220155,2022-09-21 01:00:00,217,Colombia. Primera A,2,29,2022,,,1502,Atletico Bucaramanga,1493,Once Caldas,0,0,1,Scheduled,,,,,,,Atletico Bucaramanga - Once Caldas,,,False,,2022-04-18 05:53:03.04
70,2220152,2022-09-18 01:00:00,217,Colombia. Primera A,2,29,2022,,,1493,Once Caldas,1506,Envigado,0,0,1,Scheduled,,,,,,,Once Caldas - Envigado,,,False,,2022-04-18 05:53:03.04
71,2220153,2022-09-18 01:00:00,217,Colombia. Primera A,2,29,2022,,,1491,America de Cali,1497,Deportes Tolima,0,0,1,Scheduled,,,,,,,America de Cali - Deportes Tolima,,,False,,2022-04-18 05:53:03.04
72,2220144,2022-09-18 01:00:00,217,Colombia. Primera A,2,29,2022,,,1494,CD Popular Junior FC SA,1501,Millonarios,0,0,1,Scheduled,,,,,,,CD Popular Junior FC SA - Millonarios,,,False,,2022-04-18 05:53:03.04
73,2220150,2022-09-18 01:00:00,217,Colombia. Primera A,2,29,2022,,,3356,Aguilas Doradas,1508,Union Magdalena,0,0,1,Scheduled,,,,,,,Aguilas Doradas - Union Magdalena,,,False,,2022-04-18 05:53:03.04
74,2220149,2022-09-18 01:00:00,217,Colombia. Primera A,2,29,2022,,,1503,Cortulua,1495,Deportivo Cali,0,0,1,Scheduled,,,,,,,Cortulua - Deportivo Cali,,,False,,2022-04-18 05:53:03.04
75,2220148,2022-09-18 01:00:00,217,Colombia. Primera A,2,29,2022,,,10195,Jaguares de Cordoba,1502,Atletico Bucaramanga,0,0,1,Scheduled,,,,,,,Jaguares de Cordoba - Atletico Bucaramanga,,,False,,2022-04-18 05:53:03.04
76,2220147,2022-09-18 01:00:00,217,Colombia. Primera A,2,29,2022,,,3362,Patriotas Boyaca,3365,Alianza Petrolera,0,0,1,Scheduled,,,,,,,Patriotas Boyaca - Alianza Petrolera,,,False,,2022-04-18 05:53:03.04
77,2220146,2022-09-18 01:00:00,217,Colombia. Primera A,2,29,2022,,,3354,La Equidad,1498,Deportivo Pasto,0,0,1,Scheduled,,,,,,,La Equidad - Deportivo Pasto,,,False,,2022-04-18 05:53:03.04
78,2220145,2022-09-18 01:00:00,217,Colombia. Primera A,2,29,2022,,,1500,Independiente Medellin,1496,Deportivo Pereira,0,0,1,Scheduled,,,,,,,Independiente Medellin - Deportivo Pereira,,,False,,2022-04-18 05:53:03.04
79,2220151,2022-09-18 01:00:00,217,Colombia. Primera A,2,29,2022,,,1505,Independiente Santa Fe,1492,Atletico Nacional,0,0,1,Scheduled,,,,,,,Independiente Santa Fe - Atletico Nacional,,,False,,2022-04-18 05:53:03.04
80,2220143,2022-09-11 01:00:00,217,Colombia. Primera A,2,29,2022,,,1496,Deportivo Pereira,3356,Aguilas Doradas,0,0,1,Scheduled,,,,,,,Deportivo Pereira - Aguilas Doradas,,,False,,2022-04-18 05:53:03.04
81,2220141,2022-09-11 01:00:00,217,Colombia. Primera A,2,29,2022,,,1498,Deportivo Pasto,1494,CD Popular Junior FC SA,0,0,1,Scheduled,,,,,,,Deportivo Pasto - CD Popular Junior FC SA,,,False,,2022-04-18 05:53:03.04
82,2220142,2022-09-11 01:00:00,217,Colombia. Primera A,2,29,2022,,,1501,Millonarios,1500,Independiente Medellin,0,0,1,Scheduled,,,,,,,Millonarios - Independiente Medellin,,,False,,2022-04-18 05:53:03.04
83,2220135,2022-09-11 01:00:00,217,Colombia. Primera A,2,29,2022,,,1497,Deportes Tolima,1493,Once Caldas,0,0,1,Scheduled,,,,,,,Deportes Tolima - Once Caldas,,,False,,2022-04-18 05:53:03.04
84,2220134,2022-09-11 01:00:00,217,Colombia. Primera A,2,29,2022,,,1506,Envigado,1503,Cortulua,0,0,1,Scheduled,,,,,,,Envigado - Cortulua,,,False,,2022-04-18 05:53:03.04
85,2220138,2022-09-11 01:00:00,217,Colombia. Primera A,2,29,2022,,,3365,Alianza Petrolera,3354,La Equidad,0,0,1,Scheduled,,,,,,,Alianza Petrolera - La Equidad,,,False,,2022-04-18 05:53:03.04
86,2220139,2022-09-11 01:00:00,217,Colombia. Primera A,2,29,2022,,,1502,Atletico Bucaramanga,1505,Independiente Santa Fe,0,0,1,Scheduled,,,,,,,Atletico Bucaramanga - Independiente Santa Fe,,,False,,2022-04-18 05:53:03.04
87,2220140,2022-09-11 01:00:00,217,Colombia. Primera A,2,29,2022,,,1492,Atletico Nacional,1495,Deportivo Cali,0,0,1,Scheduled,,,,,,,Atletico Nacional - Deportivo Cali,,,False,,2022-04-18 05:53:03.04
88,2220136,2022-09-11 01:00:00,217,Colombia. Primera A,2,29,2022,,,1508,Union Magdalena,10195,Jaguares de Cordoba,0,0,1,Scheduled,,,,,,,Union Magdalena - Jaguares de Cordoba,,,False,,2022-04-18 05:53:03.04
89,2220137,2022-09-11 01:00:00,217,Colombia. Primera A,2,29,2022,,,1491,America de Cali,3362,Patriotas Boyaca,0,0,1,Scheduled,,,,,,,America de Cali - Patriotas Boyaca,,,False,,2022-04-18 05:53:03.04
90,2220133,2022-09-04 01:00:00,217,Colombia. Primera A,2,29,2022,,,3362,Patriotas Boyaca,1497,Deportes Tolima,0,0,1,Scheduled,,,,,,,Patriotas Boyaca - Deportes Tolima,,,False,,2022-04-18 05:53:03.04
91,2220131,2022-09-04 01:00:00,217,Colombia. Primera A,2,29,2022,,,10195,Jaguares de Cordoba,1492,Atletico Nacional,0,0,1,Scheduled,,,,,,,Jaguares de Cordoba - Atletico Nacional,,,False,,2022-04-18 05:53:03.04
92,2220124,2022-09-04 01:00:00,217,Colombia. Primera A,2,29,2022,,,1493,Once Caldas,1501,Millonarios,0,0,1,Scheduled,,,,,,,Once Caldas - Millonarios,,,False,,2022-04-18 05:53:03.04
93,2220130,2022-09-04 01:00:00,217,Colombia. Primera A,2,29,2022,,,1503,Cortulua,1508,Union Magdalena,0,0,1,Scheduled,,,,,,,Cortulua - Union Magdalena,,,False,,2022-04-18 05:53:03.04
94,2220129,2022-09-04 01:00:00,217,Colombia. Primera A,2,29,2022,,,1500,Independiente Medellin,1491,America de Cali,0,0,1,Scheduled,,,,,,,Independiente Medellin - America de Cali,,,False,,2022-04-18 05:53:03.04
95,2220128,2022-09-04 01:00:00,217,Colombia. Primera A,2,29,2022,,,1495,Deportivo Cali,1502,Atletico Bucaramanga,0,0,1,Scheduled,,,,,,,Deportivo Cali - Atletico Bucaramanga,,,False,,2022-04-18 05:53:03.04
96,2220127,2022-09-04 01:00:00,217,Colombia. Primera A,2,29,2022,,,3356,Aguilas Doradas,3365,Alianza Petrolera,0,0,1,Scheduled,,,,,,,Aguilas Doradas - Alianza Petrolera,,,False,,2022-04-18 05:53:03.04
97,2220125,2022-09-04 01:00:00,217,Colombia. Primera A,2,29,2022,,,1494,CD Popular Junior FC SA,1496,Deportivo Pereira,0,0,1,Scheduled,,,,,,,CD Popular Junior FC SA - Deportivo Pereira,,,False,,2022-04-18 05:53:03.04
98,2220126,2022-09-04 01:00:00,217,Colombia. Primera A,2,29,2022,,,1505,Independiente Santa Fe,1498,Deportivo Pasto,0,0,1,Scheduled,,,,,,,Independiente Santa Fe - Deportivo Pasto,,,False,,2022-04-18 05:53:03.04
99,2220132,2022-09-04 01:00:00,217,Colombia. Primera A,2,29,2022,,,3354,La Equidad,1506,Envigado,0,0,1,Scheduled,,,,,,,La Equidad - Envigado,,,False,,2022-04-18 05:53:03.04
100,2220117,2022-08-28 01:00:00,217,Colombia. Primera A,2,29,2022,,,1502,Atletico Bucaramanga,3365,Alianza Petrolera,0,0,1,Scheduled,,,,,,,Atletico Bucaramanga - Alianza Petrolera,,,False,,2022-04-18 05:53:03.04
101,2220123,2022-08-28 01:00:00,217,Colombia. Primera A,2,29,2022,,,1506,Envigado,3356,Aguilas Doradas,0,0,1,Scheduled,,,,,,,Envigado - Aguilas Doradas,,,False,,2022-04-18 05:53:03.04
102,2220121,2022-08-28 01:00:00,217,Colombia. Primera A,2,29,2022,,,1508,Union Magdalena,1494,CD Popular Junior FC SA,0,0,1,Scheduled,,,,,,,Union Magdalena - CD Popular Junior FC SA,,,False,,2022-04-18 05:53:03.04
103,2220114,2022-08-28 01:00:00,217,Colombia. Primera A,2,29,2022,,,1497,Deportes Tolima,1503,Cortulua,0,0,1,Scheduled,,,,,,,Deportes Tolima - Cortulua,,,False,,2022-04-18 05:53:03.04
104,2220115,2022-08-28 01:00:00,217,Colombia. Primera A,2,29,2022,,,1496,Deportivo Pereira,1493,Once Caldas,0,0,1,Scheduled,,,,,,,Deportivo Pereira - Once Caldas,,,False,,2022-04-18 05:53:03.04
105,2220116,2022-08-28 01:00:00,217,Colombia. Primera A,2,29,2022,,,1498,Deportivo Pasto,10195,Jaguares de Cordoba,0,0,1,Scheduled,,,,,,,Deportivo Pasto - Jaguares de Cordoba,,,False,,2022-04-18 05:53:03.04
106,2220118,2022-08-28 01:00:00,217,Colombia. Primera A,2,29,2022,,,3362,Patriotas Boyaca,3354,La Equidad,0,0,1,Scheduled,,,,,,,Patriotas Boyaca - La Equidad,,,False,,2022-04-18 05:53:03.04
107,2220119,2022-08-28 01:00:00,217,Colombia. Primera A,2,29,2022,,,1501,Millonarios,1505,Independiente Santa Fe,0,0,1,Scheduled,,,,,,,Millonarios - Independiente Santa Fe,,,False,,2022-04-18 05:53:03.04
108,2220120,2022-08-28 01:00:00,217,Colombia. Primera A,2,29,2022,,,1491,America de Cali,1495,Deportivo Cali,0,0,1,Scheduled,,,,,,,America de Cali - Deportivo Cali,,,False,,2022-04-18 05:53:03.04
109,2220122,2022-08-28 01:00:00,217,Colombia. Primera A,2,29,2022,,,1500,Independiente Medellin,1492,Atletico Nacional,0,0,1,Scheduled,,,,,,,Independiente Medellin - Atletico Nacional,,,False,,2022-04-18 05:53:03.04
110,2220110,2022-08-21 01:00:00,217,Colombia. Primera A,2,29,2022,,,1495,Deportivo Cali,1508,Union Magdalena,0,0,1,Scheduled,,,,,,,Deportivo Cali - Union Magdalena,,,False,,2022-04-18 05:53:03.04
111,2220111,2022-08-21 01:00:00,217,Colombia. Primera A,2,29,2022,,,3356,Aguilas Doradas,1500,Independiente Medellin,0,0,1,Scheduled,,,,,,,Aguilas Doradas - Independiente Medellin,,,False,,2022-04-18 05:53:03.04
112,2220112,2022-08-21 01:00:00,217,Colombia. Primera A,2,29,2022,,,10195,Jaguares de Cordoba,1506,Envigado,0,0,1,Scheduled,,,,,,,Jaguares de Cordoba - Envigado,,,False,,2022-04-18 05:53:03.04
113,2220113,2022-08-21 01:00:00,217,Colombia. Primera A,2,29,2022,,,1494,CD Popular Junior FC SA,1497,Deportes Tolima,0,0,1,Scheduled,,,,,,,CD Popular Junior FC SA - Deportes Tolima,,,False,,2022-04-18 05:53:03.04
114,2220104,2022-08-21 01:00:00,217,Colombia. Primera A,2,29,2022,,,3365,Alianza Petrolera,1498,Deportivo Pasto,0,0,1,Scheduled,,,,,,,Alianza Petrolera - Deportivo Pasto,,,False,,2022-04-18 05:53:03.04
115,2220102,2022-08-21 01:00:00,217,Colombia. Primera A,2,29,2022,,,1503,Cortulua,1501,Millonarios,0,0,1,Scheduled,,,,,,,Cortulua - Millonarios,,,False,,2022-04-18 05:53:03.04
116,2220103,2022-08-21 01:00:00,217,Colombia. Primera A,2,29,2022,,,3354,La Equidad,1496,Deportivo Pereira,0,0,1,Scheduled,,,,,,,La Equidad - Deportivo Pereira,,,False,,2022-04-18 05:53:03.04
117,2220109,2022-08-21 01:00:00,217,Colombia. Primera A,2,29,2022,,,1493,Once Caldas,1491,America de Cali,0,0,1,Scheduled,,,,,,,Once Caldas - America de Cali,,,False,,2022-04-04 00:51:04.463
118,2220105,2022-08-21 01:00:00,217,Colombia. Primera A,2,29,2022,,,1492,Atletico Nacional,1502,Atletico Bucaramanga,0,0,1,Scheduled,,,,,,,Atletico Nacional - Atletico Bucaramanga,,,False,,2022-04-18 05:53:03.04
119,2220106,2022-08-21 01:00:00,217,Colombia. Primera A,2,29,2022,,,1505,Independiente Santa Fe,3362,Patriotas Boyaca,0,0,1,Scheduled,,,,,,,Independiente Santa Fe - Patriotas Boyaca,,,False,,2022-04-18 05:53:03.04
120,2220093,2022-08-17 01:00:00,217,Colombia. Primera A,2,29,2022,,,1498,Deportivo Pasto,1493,Once Caldas,0,0,1,Scheduled,,,,,,,Deportivo Pasto - Once Caldas,,,False,,2022-04-18 05:53:03.04
121,2220096,2022-08-17 01:00:00,217,Colombia. Primera A,2,29,2022,,,1497,Deportes Tolima,3354,La Equidad,0,0,1,Scheduled,,,,,,,Deportes Tolima - La Equidad,,,False,,2022-04-18 05:53:03.04
122,2220098,2022-08-17 01:00:00,217,Colombia. Primera A,2,29,2022,,,3365,Alianza Petrolera,1495,Deportivo Cali,0,0,1,Scheduled,,,,,,,Alianza Petrolera - Deportivo Cali,,,False,,2022-04-18 05:53:03.04
123,2220099,2022-08-17 01:00:00,217,Colombia. Primera A,2,29,2022,,,1491,America de Cali,1494,CD Popular Junior FC SA,0,0,1,Scheduled,,,,,,,America de Cali - CD Popular Junior FC SA,,,False,,2022-04-18 05:53:03.04
124,2220100,2022-08-17 01:00:00,217,Colombia. Primera A,2,29,2022,,,1508,Union Magdalena,1492,Atletico Nacional,0,0,1,Scheduled,,,,,,,Union Magdalena - Atletico Nacional,,,False,,2022-04-18 05:53:03.04
125,2220101,2022-08-17 01:00:00,217,Colombia. Primera A,2,29,2022,,,3362,Patriotas Boyaca,3356,Aguilas Doradas,0,0,1,Scheduled,,,,,,,Patriotas Boyaca - Aguilas Doradas,,,False,,2022-04-18 05:53:03.04
126,2220095,2022-08-17 01:00:00,217,Colombia. Primera A,2,29,2022,,,1506,Envigado,1502,Atletico Bucaramanga,0,0,1,Scheduled,,,,,,,Envigado - Atletico Bucaramanga,,,False,,2022-04-18 05:53:03.04
127,2220094,2022-08-17 01:00:00,217,Colombia. Primera A,2,29,2022,,,1501,Millonarios,10195,Jaguares de Cordoba,0,0,1,Scheduled,,,,,,,Millonarios - Jaguares de Cordoba,,,False,,2022-04-18 05:53:03.04
128,2220097,2022-08-17 01:00:00,217,Colombia. Primera A,2,29,2022,,,1500,Independiente Medellin,1505,Independiente Santa Fe,0,0,1,Scheduled,,,,,,,Independiente Medellin - Independiente Santa Fe,,,False,,2022-04-18 05:53:03.04
129,2220092,2022-08-17 01:00:00,217,Colombia. Primera A,2,29,2022,,,1496,Deportivo Pereira,1503,Cortulua,0,0,1,Scheduled,,,,,,,Deportivo Pereira - Cortulua,,,False,,2022-04-18 05:53:03.04
130,2220088,2022-08-14 01:00:00,217,Colombia. Primera A,2,29,2022,,,1502,Atletico Bucaramanga,1508,Union Magdalena,0,0,1,Scheduled,,,,,,,Atletico Bucaramanga - Union Magdalena,,,False,,2022-04-18 05:53:03.04
131,2220090,2022-08-14 01:00:00,217,Colombia. Primera A,2,29,2022,,,1492,Atletico Nacional,1506,Envigado,0,0,1,Scheduled,,,,,,,Atletico Nacional - Envigado,,,False,,2022-04-18 05:53:03.04
132,2220083,2022-08-14 01:00:00,217,Colombia. Primera A,2,29,2022,,,10195,Jaguares de Cordoba,1496,Deportivo Pereira,0,0,1,Scheduled,,,,,,,Jaguares de Cordoba - Deportivo Pereira,,,False,,2022-04-18 05:53:03.04
133,2220084,2022-08-14 01:00:00,217,Colombia. Primera A,2,29,2022,,,1495,Deportivo Cali,1498,Deportivo Pasto,0,0,1,Scheduled,,,,,,,Deportivo Cali - Deportivo Pasto,,,False,,2022-04-18 05:53:03.04
134,2220085,2022-08-14 01:00:00,217,Colombia. Primera A,2,29,2022,,,1503,Cortulua,3365,Alianza Petrolera,0,0,1,Scheduled,,,,,,,Cortulua - Alianza Petrolera,,,False,,2022-04-18 05:53:03.04
135,2220086,2022-08-14 01:00:00,217,Colombia. Primera A,2,29,2022,,,1493,Once Caldas,3362,Patriotas Boyaca,0,0,1,Scheduled,,,,,,,Once Caldas - Patriotas Boyaca,,,False,,2022-04-18 05:53:03.04
136,2220087,2022-08-14 01:00:00,217,Colombia. Primera A,2,29,2022,,,3354,La Equidad,1491,America de Cali,0,0,1,Scheduled,,,,,,,La Equidad - America de Cali,,,False,,2022-04-18 05:53:03.04
137,2220089,2022-08-14 01:00:00,217,Colombia. Primera A,2,29,2022,,,1494,CD Popular Junior FC SA,1500,Independiente Medellin,0,0,1,Scheduled,,,,,,,CD Popular Junior FC SA - Independiente Medellin,,,False,,2022-04-18 05:53:03.04
138,2220091,2022-08-14 01:00:00,217,Colombia. Primera A,2,29,2022,,,1505,Independiente Santa Fe,1497,Deportes Tolima,0,0,1,Scheduled,,,,,,,Independiente Santa Fe - Deportes Tolima,,,False,,2022-04-18 05:53:03.04
139,2220082,2022-08-14 01:00:00,217,Colombia. Primera A,2,29,2022,,,3356,Aguilas Doradas,1501,Millonarios,0,0,1,Scheduled,,,,,,,Aguilas Doradas - Millonarios,,,False,,2022-04-18 05:53:03.04
140,2205398,2022-08-07 01:00:00,217,Colombia. Primera A,2,29,2022,26.0,Week 26,1497,Deportes Tolima,10195,Jaguares de Cordoba,0,0,1,Scheduled,,,,,,,Deportes Tolima - Jaguares de Cordoba,,,False,,2022-04-08 17:49:02.206
141,2205400,2022-08-07 01:00:00,217,Colombia. Primera A,2,29,2022,26.0,Week 26,1500,Independiente Medellin,3354,La Equidad,0,0,1,Scheduled,,,,,,,Independiente Medellin - La Equidad,,,False,,2022-04-08 17:49:02.206
142,2205404,2022-08-07 01:00:00,217,Colombia. Primera A,2,29,2022,26.0,Week 26,3365,Alianza Petrolera,1492,Atletico Nacional,0,0,1,Scheduled,,,,,,,Alianza Petrolera - Atletico Nacional,,,False,,2022-04-08 18:31:04.486
143,2205397,2022-08-07 01:00:00,217,Colombia. Primera A,2,29,2022,26.0,Week 26,1494,CD Popular Junior FC SA,1493,Once Caldas,0,0,1,Scheduled,,,,,,,CD Popular Junior FC SA - Once Caldas,,,False,,2022-04-08 17:49:02.206
144,2205402,2022-08-07 01:00:00,217,Colombia. Primera A,2,29,2022,26.0,Week 26,1501,Millonarios,1495,Deportivo Cali,0,0,1,Scheduled,,,,,,,Millonarios - Deportivo Cali,,,False,,2022-04-08 17:49:02.206
145,2205401,2022-08-07 01:00:00,217,Colombia. Primera A,2,29,2022,26.0,Week 26,1496,Deportivo Pereira,1505,Independiente Santa Fe,0,0,1,Scheduled,,,,,,,Deportivo Pereira - Independiente Santa Fe,,,False,,2022-04-08 17:49:02.206
146,2205399,2022-08-07 01:00:00,217,Colombia. Primera A,2,29,2022,26.0,Week 26,1498,Deportivo Pasto,1502,Atletico Bucaramanga,0,0,1,Scheduled,,,,,,,Deportivo Pasto - Atletico Bucaramanga,,,False,,2022-04-08 17:49:02.206
147,2205403,2022-08-07 01:00:00,217,Colombia. Primera A,2,29,2022,26.0,Week 26,1506,Envigado,1508,Union Magdalena,0,0,1,Scheduled,,,,,,,Envigado - Union Magdalena,,,False,,2022-04-08 17:49:02.206
148,2205396,2022-08-07 01:00:00,217,Colombia. Primera A,2,29,2022,26.0,Week 26,3362,Patriotas Boyaca,1503,Cortulua,0,0,1,Scheduled,,,,,,,Patriotas Boyaca - Cortulua,,,False,,2022-04-08 17:49:02.206
149,2205405,2022-08-07 01:00:00,217,Colombia. Primera A,2,29,2022,26.0,Week 26,1491,America de Cali,3356,Aguilas Doradas,0,0,1,Scheduled,,,,,,,America de Cali - Aguilas Doradas,,,False,,2022-04-08 18:31:04.486
150,2204869,2022-07-31 01:00:00,217,Colombia. Primera A,2,29,2022,25.0,Week 25,1493,Once Caldas,1496,Deportivo Pereira,0,0,1,Scheduled,,,,,,,Once Caldas - Deportivo Pereira,,,False,,2022-04-08 17:49:02.206
151,2204871,2022-07-31 01:00:00,217,Colombia. Primera A,2,29,2022,25.0,Week 25,10195,Jaguares de Cordoba,3365,Alianza Petrolera,0,0,1,Scheduled,,,,,,,Jaguares de Cordoba - Alianza Petrolera,,,False,,2022-04-08 17:49:02.206
152,2204872,2022-07-31 01:00:00,217,Colombia. Primera A,2,29,2022,25.0,Week 25,3354,La Equidad,3362,Patriotas Boyaca,0,0,1,Scheduled,,,,,,,La Equidad - Patriotas Boyaca,,,False,,2022-04-08 17:49:02.206
153,2204873,2022-07-31 01:00:00,217,Colombia. Primera A,2,29,2022,25.0,Week 25,1505,Independiente Santa Fe,1491,America de Cali,0,0,1,Scheduled,,,,,,,Independiente Santa Fe - America de Cali,,,False,,2022-04-08 17:49:02.206
154,2204875,2022-07-31 01:00:00,217,Colombia. Primera A,2,29,2022,25.0,Week 25,1503,Cortulua,1500,Independiente Medellin,0,0,1,Scheduled,,,,,,,Cortulua - Independiente Medellin,,,False,,2022-04-08 17:49:02.206
155,2204876,2022-07-31 01:00:00,217,Colombia. Primera A,2,29,2022,25.0,Week 25,1495,Deportivo Cali,1506,Envigado,0,0,1,Scheduled,,,,,,,Deportivo Cali - Envigado,,,False,,2022-04-08 17:49:02.206
156,2204877,2022-07-31 01:00:00,217,Colombia. Primera A,2,29,2022,25.0,Week 25,1502,Atletico Bucaramanga,1497,Deportes Tolima,0,0,1,Scheduled,,,,,,,Atletico Bucaramanga - Deportes Tolima,,,False,,2022-04-08 17:49:02.206
157,2204874,2022-07-31 01:00:00,217,Colombia. Primera A,2,29,2022,25.0,Week 25,3356,Aguilas Doradas,1494,CD Popular Junior FC SA,0,0,1,Scheduled,,,,,,,Aguilas Doradas - CD Popular Junior FC SA,,,False,,2022-04-08 17:49:02.206
158,2204870,2022-07-31 01:00:00,217,Colombia. Primera A,2,29,2022,25.0,Week 25,1492,Atletico Nacional,1498,Deportivo Pasto,0,0,1,Scheduled,,,,,,,Atletico Nacional - Deportivo Pasto,,,False,,2022-04-08 17:49:02.206
159,2204868,2022-07-31 01:00:00,217,Colombia. Primera A,2,29,2022,25.0,Week 25,1508,Union Magdalena,1501,Millonarios,0,0,1,Scheduled,,,,,,,Union Magdalena - Millonarios,,,False,,2022-04-08 17:49:02.206
160,2204566,2022-07-24 01:00:00,217,Colombia. Primera A,2,29,2022,24.0,Week 24,1496,Deportivo Pereira,1495,Deportivo Cali,0,0,1,Scheduled,,,,,,,Deportivo Pereira - Deportivo Cali,,,False,,2022-04-08 17:49:02.206
161,2204568,2022-07-24 01:00:00,217,Colombia. Primera A,2,29,2022,24.0,Week 24,1497,Deportes Tolima,1492,Atletico Nacional,0,0,1,Scheduled,,,,,,,Deportes Tolima - Atletico Nacional,,,False,,2022-04-08 17:49:02.206
162,2204564,2022-07-24 01:00:00,217,Colombia. Primera A,2,29,2022,24.0,Week 24,3356,Aguilas Doradas,3354,La Equidad,0,0,1,Scheduled,,,,,,,Aguilas Doradas - La Equidad,,,False,,2022-04-08 17:49:02.206
163,2204560,2022-07-24 01:00:00,217,Colombia. Primera A,2,29,2022,24.0,Week 24,1491,America de Cali,1503,Cortulua,0,0,1,Scheduled,,,,,,,America de Cali - Cortulua,,,False,,2022-04-08 17:49:02.206
164,2204562,2022-07-24 01:00:00,217,Colombia. Primera A,2,29,2022,24.0,Week 24,3362,Patriotas Boyaca,10195,Jaguares de Cordoba,0,0,1,Scheduled,,,,,,,Patriotas Boyaca - Jaguares de Cordoba,,,False,,2022-04-08 17:49:02.206
165,2204561,2022-07-24 01:00:00,217,Colombia. Primera A,2,29,2022,24.0,Week 24,1500,Independiente Medellin,1493,Once Caldas,0,0,1,Scheduled,,,,,,,Independiente Medellin - Once Caldas,,,False,,2022-04-08 17:49:02.206
166,2204567,2022-07-24 01:00:00,217,Colombia. Primera A,2,29,2022,24.0,Week 24,1498,Deportivo Pasto,1508,Union Magdalena,0,0,1,Scheduled,,,,,,,Deportivo Pasto - Union Magdalena,,,False,,2022-04-08 17:49:02.206
167,2204569,2022-07-24 01:00:00,217,Colombia. Primera A,2,29,2022,24.0,Week 24,1501,Millonarios,1506,Envigado,0,0,1,Scheduled,,,,,,,Millonarios - Envigado,,,False,,2022-04-08 17:49:02.206
168,2204563,2022-07-24 01:00:00,217,Colombia. Primera A,2,29,2022,24.0,Week 24,3365,Alianza Petrolera,1502,Atletico Bucaramanga,0,0,1,Scheduled,,,,,,,Alianza Petrolera - Atletico Bucaramanga,,,False,,2022-04-08 17:49:02.206
169,2204565,2022-07-24 01:00:00,217,Colombia. Primera A,2,29,2022,24.0,Week 24,1494,CD Popular Junior FC SA,1505,Independiente Santa Fe,0,0,1,Scheduled,,,,,,,CD Popular Junior FC SA - Independiente Santa Fe,,,False,,2022-04-08 17:49:02.206
170,2204260,2022-07-17 01:00:00,217,Colombia. Primera A,2,29,2022,23.0,Week 23,1496,Deportivo Pereira,3362,Patriotas Boyaca,0,0,1,Scheduled,,,,,,,Deportivo Pereira - Patriotas Boyaca,,,False,,2022-04-08 17:49:02.206
171,2204263,2022-07-17 01:00:00,217,Colombia. Primera A,2,29,2022,23.0,Week 23,1495,Deportivo Cali,1500,Independiente Medellin,0,0,1,Scheduled,,,,,,,Deportivo Cali - Independiente Medellin,,,False,,2022-04-08 17:49:02.206
172,2204261,2022-07-17 01:00:00,217,Colombia. Primera A,2,29,2022,23.0,Week 23,1502,Atletico Bucaramanga,1491,America de Cali,0,0,1,Scheduled,,,,,,,Atletico Bucaramanga - America de Cali,,,False,,2022-04-08 17:49:02.206
173,2204262,2022-07-17 01:00:00,217,Colombia. Primera A,2,29,2022,23.0,Week 23,3354,La Equidad,1494,CD Popular Junior FC SA,0,0,1,Scheduled,,,,,,,La Equidad - CD Popular Junior FC SA,,,False,,2022-04-08 17:49:02.206
174,2204264,2022-07-17 01:00:00,217,Colombia. Primera A,2,29,2022,23.0,Week 23,1493,Once Caldas,3356,Aguilas Doradas,0,0,1,Scheduled,,,,,,,Once Caldas - Aguilas Doradas,,,False,,2022-04-08 17:49:02.206
175,2204265,2022-07-17 01:00:00,217,Colombia. Primera A,2,29,2022,23.0,Week 23,1508,Union Magdalena,1497,Deportes Tolima,0,0,1,Scheduled,,,,,,,Union Magdalena - Deportes Tolima,,,False,,2022-04-08 17:49:02.206
176,2204257,2022-07-17 01:00:00,217,Colombia. Primera A,2,29,2022,23.0,Week 23,1505,Independiente Santa Fe,1503,Cortulua,0,0,1,Scheduled,,,,,,,Independiente Santa Fe - Cortulua,,,False,,2022-04-08 17:49:02.206
177,2204259,2022-07-17 01:00:00,217,Colombia. Primera A,2,29,2022,23.0,Week 23,1506,Envigado,3365,Alianza Petrolera,0,0,1,Scheduled,,,,,,,Envigado - Alianza Petrolera,,,False,,2022-04-08 17:49:02.206
178,2204258,2022-07-17 01:00:00,217,Colombia. Primera A,2,29,2022,23.0,Week 23,10195,Jaguares de Cordoba,1498,Deportivo Pasto,0,0,1,Scheduled,,,,,,,Jaguares de Cordoba - Deportivo Pasto,,,False,,2022-04-08 17:49:02.206
179,2204256,2022-07-17 01:00:00,217,Colombia. Primera A,2,29,2022,23.0,Week 23,1492,Atletico Nacional,1501,Millonarios,0,0,1,Scheduled,,,,,,,Atletico Nacional - Millonarios,,,False,,2022-04-08 17:49:02.206
180,2203947,2022-07-10 01:00:00,217,Colombia. Primera A,2,29,2022,22.0,Week 22,1500,Independiente Medellin,3362,Patriotas Boyaca,0,0,1,Scheduled,,,,,,,Independiente Medellin - Patriotas Boyaca,,,False,,2022-04-08 17:49:02.206
181,2203949,2022-07-10 01:00:00,217,Colombia. Primera A,2,29,2022,22.0,Week 22,3356,Aguilas Doradas,1505,Independiente Santa Fe,0,0,1,Scheduled,,,,,,,Aguilas Doradas - Independiente Santa Fe,,,False,,2022-04-08 17:49:02.206
182,2203951,2022-07-10 01:00:00,217,Colombia. Primera A,2,29,2022,22.0,Week 22,3365,Alianza Petrolera,1508,Union Magdalena,0,0,1,Scheduled,,,,,,,Alianza Petrolera - Union Magdalena,,,False,,2022-04-08 17:49:02.206
183,2203953,2022-07-10 01:00:00,217,Colombia. Primera A,2,29,2022,22.0,Week 22,1498,Deportivo Pasto,1506,Envigado,0,0,1,Scheduled,,,,,,,Deportivo Pasto - Envigado,,,False,,2022-04-08 17:49:02.206
184,2203950,2022-07-10 01:00:00,217,Colombia. Primera A,2,29,2022,22.0,Week 22,1497,Deportes Tolima,1495,Deportivo Cali,0,0,1,Scheduled,,,,,,,Deportes Tolima - Deportivo Cali,,,False,,2022-04-08 17:49:02.206
185,2203948,2022-07-10 01:00:00,217,Colombia. Primera A,2,29,2022,22.0,Week 22,1493,Once Caldas,3354,La Equidad,0,0,1,Scheduled,,,,,,,Once Caldas - La Equidad,,,False,,2022-04-08 17:49:02.206
186,2203946,2022-07-10 01:00:00,217,Colombia. Primera A,2,29,2022,22.0,Week 22,1501,Millonarios,1502,Atletico Bucaramanga,0,0,1,Scheduled,,,,,,,Millonarios - Atletico Bucaramanga,,,False,,2022-04-08 17:49:02.206
187,2203945,2022-07-10 01:00:00,217,Colombia. Primera A,2,29,2022,22.0,Week 22,1503,Cortulua,10195,Jaguares de Cordoba,0,0,1,Scheduled,,,,,,,Cortulua - Jaguares de Cordoba,,,False,,2022-04-08 17:49:02.206
188,2203944,2022-07-10 01:00:00,217,Colombia. Primera A,2,29,2022,22.0,Week 22,1491,America de Cali,1496,Deportivo Pereira,0,0,1,Scheduled,,,,,,,America de Cali - Deportivo Pereira,,,False,,2022-04-08 17:49:02.206
189,2203952,2022-07-10 01:00:00,217,Colombia. Primera A,2,29,2022,22.0,Week 22,1494,CD Popular Junior FC SA,1492,Atletico Nacional,0,0,1,Scheduled,,,,,,,CD Popular Junior FC SA - Atletico Nacional,,,False,,2022-04-08 17:49:02.206
190,2203559,2022-07-03 01:00:00,217,Colombia. Primera A,2,29,2022,21.0,Week 21,1508,Union Magdalena,1493,Once Caldas,0,0,1,Scheduled,,,,,,,Union Magdalena - Once Caldas,,,False,,2022-04-08 17:49:02.206
191,2203566,2022-07-03 01:00:00,217,Colombia. Primera A,2,29,2022,21.0,Week 21,1497,Deportes Tolima,1500,Independiente Medellin,0,0,1,Scheduled,,,,,,,Deportes Tolima - Independiente Medellin,,,False,,2022-04-08 17:49:02.206
192,2203565,2022-07-03 01:00:00,217,Colombia. Primera A,2,29,2022,21.0,Week 21,3362,Patriotas Boyaca,1494,CD Popular Junior FC SA,0,0,1,Scheduled,,,,,,,Patriotas Boyaca - CD Popular Junior FC SA,,,False,,2022-04-08 17:49:02.206
193,2203564,2022-07-03 01:00:00,217,Colombia. Primera A,2,29,2022,21.0,Week 21,3354,La Equidad,1505,Independiente Santa Fe,0,0,1,Scheduled,,,,,,,La Equidad - Independiente Santa Fe,,,False,,2022-04-08 17:49:02.206
194,2203563,2022-07-03 01:00:00,217,Colombia. Primera A,2,29,2022,21.0,Week 21,1506,Envigado,1491,America de Cali,0,0,1,Scheduled,,,,,,,Envigado - America de Cali,,,False,,2022-04-08 17:49:02.206
195,2203561,2022-07-03 01:00:00,217,Colombia. Primera A,2,29,2022,21.0,Week 21,1501,Millonarios,1498,Deportivo Pasto,0,0,1,Scheduled,,,,,,,Millonarios - Deportivo Pasto,,,False,,2022-04-08 17:49:02.206
196,2203562,2022-07-03 01:00:00,217,Colombia. Primera A,2,29,2022,21.0,Week 21,1496,Deportivo Pereira,3365,Alianza Petrolera,0,0,1,Scheduled,,,,,,,Deportivo Pereira - Alianza Petrolera,,,False,,2022-04-08 17:49:02.206
197,2203560,2022-07-03 01:00:00,217,Colombia. Primera A,2,29,2022,21.0,Week 21,1495,Deportivo Cali,10195,Jaguares de Cordoba,0,0,1,Scheduled,,,,,,,Deportivo Cali - Jaguares de Cordoba,,,False,,2022-04-08 17:49:02.206
198,2203558,2022-07-03 01:00:00,217,Colombia. Primera A,2,29,2022,21.0,Week 21,1492,Atletico Nacional,1503,Cortulua,0,0,1,Scheduled,,,,,,,Atletico Nacional - Cortulua,,,False,,2022-04-08 17:49:02.206
199,2203567,2022-07-03 01:00:00,217,Colombia. Primera A,2,29,2022,21.0,Week 21,1502,Atletico Bucaramanga,3356,Aguilas Doradas,0,0,1,Scheduled,,,,,,,Atletico Bucaramanga - Aguilas Doradas,,,False,,2022-04-08 17:49:02.206
200,2198433,2022-05-16 03:00:00,217,Colombia. Primera A,2,29,2022,20.0,Week 20,1491,America de Cali,1508,Union Magdalena,0,0,1,Scheduled,,,,,,,America de Cali - Union Magdalena,,,False,,2022-05-10 07:29:05.298
201,2198431,2022-05-15 22:00:00,217,Colombia. Primera A,2,29,2022,20.0,Week 20,3362,Patriotas Boyaca,1495,Deportivo Cali,0,0,1,Scheduled,,,,,,,Patriotas Boyaca - Deportivo Cali,,,False,,2022-05-10 07:12:04.267
202,2198430,2022-05-15 02:00:00,217,Colombia. Primera A,2,29,2022,20.0,Week 20,1496,Deportivo Pereira,1502,Atletico Bucaramanga,0,0,1,Scheduled,,,,,,,Deportivo Pereira - Atletico Bucaramanga,,,False,,2022-05-10 07:14:02.106
203,2198437,2022-05-15 02:00:00,217,Colombia. Primera A,2,29,2022,20.0,Week 20,1497,Deportes Tolima,1506,Envigado,0,0,1,Scheduled,,,,,,,Deportes Tolima - Envigado,,,False,,2022-05-10 07:12:04.267
204,2198434,2022-05-15 02:00:00,217,Colombia. Primera A,2,29,2022,20.0,Week 20,1494,CD Popular Junior FC SA,10195,Jaguares de Cordoba,0,0,1,Scheduled,,,,,,,CD Popular Junior FC SA - Jaguares de Cordoba,,,False,,2022-05-10 07:12:04.267
205,2198435,2022-05-15 02:00:00,217,Colombia. Primera A,2,29,2022,20.0,Week 20,1500,Independiente Medellin,1498,Deportivo Pasto,0,0,1,Scheduled,,,,,,,Independiente Medellin - Deportivo Pasto,,,False,,2022-05-10 07:12:04.267
206,2198436,2022-05-15 02:00:00,217,Colombia. Primera A,2,29,2022,20.0,Week 20,3356,Aguilas Doradas,1503,Cortulua,0,0,1,Scheduled,,,,,,,Aguilas Doradas - Cortulua,,,False,,2022-05-10 07:14:02.106
207,2198428,2022-05-15 02:00:00,217,Colombia. Primera A,2,29,2022,20.0,Week 20,1501,Millonarios,3365,Alianza Petrolera,0,0,1,Scheduled,,,,,,,Millonarios - Alianza Petrolera,,,False,,2022-05-10 07:14:02.106
208,2198429,2022-05-15 02:00:00,217,Colombia. Primera A,2,29,2022,20.0,Week 20,1493,Once Caldas,1505,Independiente Santa Fe,0,0,1,Scheduled,,,,,,,Once Caldas - Independiente Santa Fe,,,False,,2022-05-10 07:14:02.106
209,2198432,2022-05-15 02:00:00,217,Colombia. Primera A,2,29,2022,20.0,Week 20,3354,La Equidad,1492,Atletico Nacional,0,0,1,Scheduled,,,,,,,La Equidad - Atletico Nacional,,,False,,2022-05-10 07:14:02.106
210,2197111,2022-05-09 04:15:00,217,Colombia. Primera A,2,29,2022,19.0,Week 19,3365,Alianza Petrolera,1493,Once Caldas,2,0,5,Breakdown completed,,,,,,99.83,Alianza Petrolera - Once Caldas,,,True,2022-05-09 09:56:03,2022-05-09 10:05:03.362
211,2197107,2022-05-09 02:10:00,217,Colombia. Primera A,2,29,2022,19.0,Week 19,1501,Millonarios,1497,Deportes Tolima,0,0,5,Breakdown completed,,,,,,96.03,Millonarios - Deportes Tolima,,,True,2022-05-09 08:54:02,2022-05-10 13:48:03.706
212,2197116,2022-05-09 00:05:00,217,Colombia. Primera A,2,29,2022,19.0,Week 19,1506,Envigado,3356,Aguilas Doradas,1,0,5,Breakdown completed,,,,,,99.62,Envigado - Aguilas Doradas,,,True,2022-05-09 10:32:04,2022-05-09 22:10:02.011
213,2197108,2022-05-08 22:00:00,217,Colombia. Primera A,2,29,2022,19.0,Week 19,1503,Cortulua,1494,CD Popular Junior FC SA,1,0,5,Breakdown completed,,,,,,97.29,Cortulua - CD Popular Junior FC SA,,,True,2022-05-09 10:28:03,2022-05-09 10:32:03.346
214,2197109,2022-05-08 04:15:00,217,Colombia. Primera A,2,29,2022,19.0,Week 19,10195,Jaguares de Cordoba,1500,Independiente Medellin,0,0,1,Scheduled,,,,,,,Jaguares de Cordoba - Independiente Medellin,,,False,,2022-05-07 06:25:02.795
215,2197110,2022-05-08 02:10:00,217,Colombia. Primera A,2,29,2022,19.0,Week 19,1498,Deportivo Pasto,1491,America de Cali,3,1,5,Breakdown completed,,,,,,94.34,Deportivo Pasto - America de Cali,,,True,2022-05-08 20:45:05,2022-05-08 22:01:05.003
216,2197113,2022-05-08 00:05:00,217,Colombia. Primera A,2,29,2022,19.0,Week 19,1495,Deportivo Cali,1505,Independiente Santa Fe,1,1,5,Breakdown completed,,,,,,98.64,Deportivo Cali - Independiente Santa Fe,,,True,2022-05-08 22:35:06,2022-05-09 11:30:04.838
217,2197112,2022-05-07 22:00:00,217,Colombia. Primera A,2,29,2022,19.0,Week 19,1502,Atletico Bucaramanga,3362,Patriotas Boyaca,1,1,5,Breakdown completed,,,,,,99.36,Atletico Bucaramanga - Patriotas Boyaca,,,True,2022-05-08 11:05:02,2022-05-10 09:21:04.319
218,2197115,2022-05-07 04:00:00,217,Colombia. Primera A,2,29,2022,19.0,Week 19,1492,Atletico Nacional,1496,Deportivo Pereira,1,1,5,Breakdown completed,,,,,,98.75,Atletico Nacional - Deportivo Pereira,,,True,2022-05-07 09:02:04,2022-05-08 12:22:03.252
219,2197114,2022-05-06 01:00:00,217,Colombia. Primera A,2,29,2022,19.0,Week 19,1508,Union Magdalena,3354,La Equidad,1,1,5,Breakdown completed,,,,,,96.7,Union Magdalena - La Equidad,,,True,2022-05-06 06:55:04,2022-05-06 12:43:03.575
220,2195818,2022-05-03 03:30:00,217,Colombia. Primera A,2,29,2022,18.0,Week 18,1491,America de Cali,3365,Alianza Petrolera,0,1,5,Breakdown completed,,,,,,99.07,America de Cali - Alianza Petrolera,,,True,2022-05-03 20:12:04,2022-05-08 05:33:03.46
221,2195822,2022-05-03 01:00:00,217,Colombia. Primera A,2,29,2022,18.0,Week 18,3356,Aguilas Doradas,1498,Deportivo Pasto,1,0,5,Breakdown completed,,,,,,99.15,Aguilas Doradas - Deportivo Pasto,,,True,2022-05-03 08:49:02,2022-05-03 08:57:02.096
222,2195820,2022-05-02 04:15:00,217,Colombia. Primera A,2,29,2022,18.0,Week 18,1494,CD Popular Junior FC SA,1506,Envigado,4,0,5,Breakdown completed,,,,,,96.66,CD Popular Junior FC SA - Envigado,,,True,2022-05-02 10:34:02,2022-05-07 12:42:01.225
223,2195816,2022-05-02 00:05:00,217,Colombia. Primera A,2,29,2022,18.0,Week 18,3362,Patriotas Boyaca,1501,Millonarios,1,2,5,Breakdown completed,,,,,,99.05,Patriotas Boyaca - Millonarios,,,True,2022-05-02 19:40:04,2022-05-04 18:14:00.359
224,2195814,2022-05-01 22:00:00,217,Colombia. Primera A,2,29,2022,18.0,Week 18,1493,Once Caldas,1495,Deportivo Cali,0,1,5,Breakdown completed,,,,,,102.08,Once Caldas - Deportivo Cali,,,True,2022-05-02 18:58:02,2022-05-02 19:07:04.981
225,2195823,2022-05-01 04:15:00,217,Colombia. Primera A,2,29,2022,18.0,Week 18,1497,Deportes Tolima,1503,Cortulua,3,2,5,Breakdown completed,,,,,,96.25,Deportes Tolima - Cortulua,,,True,2022-05-01 10:17:03,2022-05-03 00:57:02.812
226,2195819,2022-05-01 02:10:00,217,Colombia. Primera A,2,29,2022,18.0,Week 18,1505,Independiente Santa Fe,10195,Jaguares de Cordoba,4,0,5,Breakdown completed,,,,,,95.49,Independiente Santa Fe - Jaguares de Cordoba,,,True,2022-05-01 17:45:02,2022-05-01 19:16:00.825
227,2195821,2022-05-01 00:05:00,217,Colombia. Primera A,2,29,2022,18.0,Week 18,1500,Independiente Medellin,1492,Atletico Nacional,0,0,5,Breakdown completed,,,,,,98.79,Independiente Medellin - Atletico Nacional,,,True,2022-05-01 16:47:03,2022-05-01 21:24:00.615
228,2195817,2022-04-30 22:00:00,217,Colombia. Primera A,2,29,2022,18.0,Week 18,3354,La Equidad,1502,Atletico Bucaramanga,1,1,5,Breakdown completed,,,,,,97.06,La Equidad - Atletico Bucaramanga,,,True,2022-05-01 14:02:04,2022-05-01 14:17:00.281
229,2195815,2022-04-30 04:00:00,217,Colombia. Primera A,2,29,2022,18.0,Week 18,1496,Deportivo Pereira,1508,Union Magdalena,2,0,5,Breakdown completed,,,,,,96.57,Deportivo Pereira - Union Magdalena,,,True,2022-04-30 10:44:05,2022-05-01 06:48:03.848
230,2194194,2022-04-27 03:40:00,217,Colombia. Primera A,2,29,2022,17.0,Week 17,1498,Deportivo Pasto,3362,Patriotas Boyaca,0,0,5,Breakdown completed,,,,,,95.72,Deportivo Pasto - Patriotas Boyaca,,,True,2022-04-27 09:19:04,2022-05-05 22:03:01.351
231,2194192,2022-04-26 00:00:00,217,Colombia. Primera A,2,29,2022,17.0,Week 17,1503,Cortulua,3354,La Equidad,0,2,5,Breakdown completed,,,,,,97.85,Cortulua - La Equidad,,,True,2022-04-26 08:01:03,2022-04-28 06:10:03.026
232,2194195,2022-04-25 04:15:00,217,Colombia. Primera A,2,29,2022,17.0,Week 17,3365,Alianza Petrolera,1497,Deportes Tolima,0,2,5,Breakdown completed,,,,,,99.58,Alianza Petrolera - Deportes Tolima,,,True,2022-04-25 21:07:03,2022-04-25 21:17:05.361
233,2194191,2022-04-25 02:10:00,217,Colombia. Primera A,2,29,2022,17.0,Week 17,1501,Millonarios,1505,Independiente Santa Fe,2,1,5,Breakdown completed,,,,,,97.59,Millonarios - Independiente Santa Fe,,,True,2022-04-25 16:11:02,2022-04-28 06:09:00.956
234,2194193,2022-04-25 00:05:00,217,Colombia. Primera A,2,29,2022,17.0,Week 17,10195,Jaguares de Cordoba,1491,America de Cali,1,1,5,Breakdown completed,,,,,,98.39,Jaguares de Cordoba - America de Cali,,,True,2022-04-25 16:15:02,2022-04-27 14:05:09.719
235,2194197,2022-04-24 22:00:00,217,Colombia. Primera A,2,29,2022,17.0,Week 17,1495,Deportivo Cali,3356,Aguilas Doradas,0,1,5,Breakdown completed,,,,,,96.44,Deportivo Cali - Aguilas Doradas,,,True,2022-04-25 10:01:01,2022-04-28 06:11:00.857
236,2194200,2022-04-24 19:00:00,217,Colombia. Primera A,2,29,2022,17.0,Week 17,1506,Envigado,1496,Deportivo Pereira,2,1,5,Breakdown completed,,,,,,100.47,Envigado - Deportivo Pereira,,,True,2022-04-25 08:32:02,2022-04-28 06:12:02.519
237,2194198,2022-04-24 04:10:00,217,Colombia. Primera A,2,29,2022,17.0,Week 17,1508,Union Magdalena,1494,CD Popular Junior FC SA,0,0,1,Scheduled,,,,,,,Union Magdalena - CD Popular Junior FC SA,,,False,,2022-04-25 09:11:01.634
238,2194199,2022-04-24 02:05:00,217,Colombia. Primera A,2,29,2022,17.0,Week 17,1492,Atletico Nacional,1493,Once Caldas,0,0,5,Breakdown completed,,,,,,95.68,Atletico Nacional - Once Caldas,,,True,2022-04-24 11:21:05,2022-04-24 13:08:03.335
239,2194196,2022-04-24 00:00:00,217,Colombia. Primera A,2,29,2022,17.0,Week 17,1502,Atletico Bucaramanga,1500,Independiente Medellin,2,3,5,Breakdown completed,,,,,,96.7,Atletico Bucaramanga - Independiente Medellin,,,True,2022-04-24 13:57:05,2022-04-24 14:10:05.362
240,2192038,2022-04-19 03:40:00,217,Colombia. Primera A,2,29,2022,16.0,Week 16,3362,Patriotas Boyaca,1506,Envigado,0,0,5,Breakdown completed,,,,,,97.84,Patriotas Boyaca - Envigado,,,True,2022-04-19 10:17:03,2022-04-21 11:04:01.474
241,2192043,2022-04-18 04:15:00,217,Colombia. Primera A,2,29,2022,16.0,Week 16,1500,Independiente Medellin,1508,Union Magdalena,0,0,5,Breakdown completed,,,,,,99.74,Independiente Medellin - Union Magdalena,,,True,2022-04-18 14:00:02,2022-04-18 20:59:00.353
242,2192040,2022-04-18 02:10:00,217,Colombia. Primera A,2,29,2022,16.0,Week 16,1491,America de Cali,1495,Deportivo Cali,1,1,5,Breakdown completed,,,,,,100.62,America de Cali - Deportivo Cali,,,True,2022-04-18 09:48:01,2022-04-23 12:39:00.562
243,2192037,2022-04-18 00:05:00,217,Colombia. Primera A,2,29,2022,16.0,Week 16,1496,Deportivo Pereira,1501,Millonarios,1,0,5,Breakdown completed,,,,,,97.88,Deportivo Pereira - Millonarios,,,True,2022-04-18 09:30:01,2022-04-22 00:19:04.421
244,2192044,2022-04-17 22:00:00,217,Colombia. Primera A,2,29,2022,16.0,Week 16,3356,Aguilas Doradas,1492,Atletico Nacional,1,0,5,Breakdown completed,,,,,,97.65,Aguilas Doradas - Atletico Nacional,,,True,2022-04-18 10:18:04,2022-04-18 10:26:02.514
245,2192042,2022-04-17 04:15:00,217,Colombia. Primera A,2,29,2022,16.0,Week 16,1494,CD Popular Junior FC SA,1502,Atletico Bucaramanga,2,0,5,Breakdown completed,,,,,,95.7,CD Popular Junior FC SA - Atletico Bucaramanga,,,True,2022-04-17 12:58:03,2022-04-18 06:10:00.937
246,2192039,2022-04-17 02:10:00,217,Colombia. Primera A,2,29,2022,16.0,Week 16,3354,La Equidad,10195,Jaguares de Cordoba,1,0,5,Breakdown completed,,,,,,99.31,La Equidad - Jaguares de Cordoba,,,True,2022-04-18 05:02:05,2022-05-05 11:45:04.102
247,2192045,2022-04-17 00:05:00,217,Colombia. Primera A,2,29,2022,16.0,Week 16,1497,Deportes Tolima,1498,Deportivo Pasto,0,1,5,Breakdown completed,,,,,,100.52,Deportes Tolima - Deportivo Pasto,,,True,2022-04-17 07:14:05,2022-04-18 20:59:00.353
248,2192036,2022-04-16 22:00:00,217,Colombia. Primera A,2,29,2022,16.0,Week 16,1493,Once Caldas,1503,Cortulua,1,0,5,Breakdown completed,,,,,,96.58,Once Caldas - Cortulua,,,True,2022-04-17 09:29:03,2022-04-17 09:35:04.762
249,2192041,2022-04-16 03:30:00,217,Colombia. Primera A,2,29,2022,16.0,Week 16,1505,Independiente Santa Fe,3365,Alianza Petrolera,0,1,5,Breakdown completed,,,,,,101.22,Independiente Santa Fe - Alianza Petrolera,,,True,2022-04-16 23:33:02,2022-04-18 08:09:03.75
250,2190702,2022-04-13 03:40:00,217,Colombia. Primera A,2,29,2022,15.0,Week 15,1502,Atletico Bucaramanga,1503,Cortulua,3,2,5,Breakdown completed,,,,,,96.88,Atletico Bucaramanga - Cortulua,,,True,2022-04-13 10:57:04,2022-04-15 08:48:05.013
251,2190700,2022-04-12 03:40:00,217,Colombia. Primera A,2,29,2022,15.0,Week 15,1498,Deportivo Pasto,1496,Deportivo Pereira,2,2,5,Breakdown completed,,,,,,111.37,Deportivo Pasto - Deportivo Pereira,,,True,2022-04-12 10:35:01,2022-04-15 08:08:02.223
252,2190699,2022-04-12 01:30:00,217,Colombia. Primera A,2,29,2022,15.0,Week 15,10195,Jaguares de Cordoba,1493,Once Caldas,2,1,5,Breakdown completed,,,,,,97.72,Jaguares de Cordoba - Once Caldas,,,True,2022-04-12 06:29:01,2022-04-12 06:36:04.481
253,2190701,2022-04-11 03:35:00,217,Colombia. Primera A,2,29,2022,15.0,Week 15,3365,Alianza Petrolera,1500,Independiente Medellin,1,1,5,Breakdown completed,,,,,,100.59,Alianza Petrolera - Independiente Medellin,,,True,2022-04-11 14:57:01,2022-04-12 22:47:02.863
254,2190705,2022-04-11 01:30:00,217,Colombia. Primera A,2,29,2022,15.0,Week 15,1492,Atletico Nacional,1491,America de Cali,2,0,5,Breakdown completed,,,,,,97.99,Atletico Nacional - America de Cali,,,True,2022-04-11 15:22:04,2022-04-12 19:02:00.893
255,2190706,2022-04-10 23:00:00,217,Colombia. Primera A,2,29,2022,15.0,Week 15,1506,Envigado,1505,Independiente Santa Fe,1,0,5,Breakdown completed,,,,,,99.52,Envigado - Independiente Santa Fe,,,True,2022-04-11 18:18:04,2022-04-12 19:03:01.975
256,2190703,2022-04-10 04:15:00,217,Colombia. Primera A,2,29,2022,15.0,Week 15,1495,Deportivo Cali,1494,CD Popular Junior FC SA,1,1,5,Breakdown completed,,,,,,99.68,Deportivo Cali - CD Popular Junior FC SA,,,True,2022-04-10 21:56:06,2022-04-14 07:27:03.747
257,2190704,2022-04-10 02:10:00,217,Colombia. Primera A,2,29,2022,15.0,Week 15,1508,Union Magdalena,3362,Patriotas Boyaca,0,1,5,Breakdown completed,,,,,,97.92,Union Magdalena - Patriotas Boyaca,,,True,2022-04-10 10:09:01,2022-04-11 12:10:02.375
258,2190707,2022-04-10 00:05:00,217,Colombia. Primera A,2,29,2022,15.0,Week 15,1497,Deportes Tolima,3356,Aguilas Doradas,3,0,5,Breakdown completed,,,,,,93.96,Deportes Tolima - Aguilas Doradas,,,True,2022-04-10 09:54:01,2022-04-28 05:43:01.45
259,2190698,2022-04-09 04:00:00,217,Colombia. Primera A,2,29,2022,15.0,Week 15,1501,Millonarios,3354,La Equidad,2,1,5,Breakdown completed,,,,,,95.72,Millonarios - La Equidad,,,True,2022-04-09 10:15:05,2022-04-10 00:18:02.377
260,2187978,2022-04-05 04:00:00,217,Colombia. Primera A,2,29,2022,14.0,Week 14,1493,Once Caldas,1502,Atletico Bucaramanga,0,1,5,Breakdown completed,,,,,,98.26,Once Caldas - Atletico Bucaramanga,,,True,2022-04-05 13:21:03,2022-05-07 18:19:01.169
261,2187977,2022-04-05 00:00:00,217,Colombia. Primera A,2,29,2022,14.0,Week 14,1503,Cortulua,1498,Deportivo Pasto,0,1,5,Breakdown completed,,,,,,97.9,Cortulua - Deportivo Pasto,,,True,2022-04-05 08:08:02,2022-04-05 22:37:04.199
262,2188053,2022-04-04 03:35:00,217,Colombia. Primera A,2,29,2022,14.0,Week 14,1505,Independiente Santa Fe,1508,Union Magdalena,1,0,5,Breakdown completed,,,,,,99.69,Independiente Santa Fe - Union Magdalena,,,True,2022-04-04 13:13:03,2022-04-06 00:07:01.234
263,2188052,2022-04-04 01:30:00,217,Colombia. Primera A,2,29,2022,14.0,Week 14,1491,America de Cali,1501,Millonarios,3,2,5,Breakdown completed,,,,,,97.52,America de Cali - Millonarios,,,True,2022-04-04 13:48:05,2022-04-09 20:12:01.98
264,2188056,2022-04-03 23:00:00,217,Colombia. Primera A,2,29,2022,14.0,Week 14,3356,Aguilas Doradas,10195,Jaguares de Cordoba,1,1,5,Breakdown completed,,,,,,99.96,Aguilas Doradas - Jaguares de Cordoba,,,True,2022-04-04 07:28:02,2022-04-04 10:35:04.825
265,2188054,2022-04-03 04:15:00,217,Colombia. Primera A,2,29,2022,14.0,Week 14,1494,CD Popular Junior FC SA,3365,Alianza Petrolera,3,1,5,Breakdown completed,,,,,,100.94,CD Popular Junior FC SA - Alianza Petrolera,,,True,2022-04-03 10:57:01,2022-04-08 13:13:04.898
266,2187980,2022-04-03 02:10:00,217,Colombia. Primera A,2,29,2022,14.0,Week 14,3362,Patriotas Boyaca,1492,Atletico Nacional,0,2,5,Breakdown completed,,,,,,97.17,Patriotas Boyaca - Atletico Nacional,,,True,2022-04-03 12:31:01,2022-05-05 22:21:02.876
267,2187979,2022-04-03 00:05:00,217,Colombia. Primera A,2,29,2022,14.0,Week 14,1496,Deportivo Pereira,1497,Deportes Tolima,0,2,5,Breakdown completed,,,,,,98.42,Deportivo Pereira - Deportes Tolima,,,True,2022-04-03 09:55:04,2022-04-05 06:40:01.462
268,2188055,2022-04-02 22:00:00,217,Colombia. Primera A,2,29,2022,14.0,Week 14,1500,Independiente Medellin,1506,Envigado,2,1,5,Breakdown completed,,,,,,101.65,Independiente Medellin - Envigado,,,True,2022-04-04 03:07:05,2022-04-05 05:41:03.542
269,2188051,2022-04-02 03:40:00,217,Colombia. Primera A,2,29,2022,14.0,Week 14,3354,La Equidad,1495,Deportivo Cali,0,0,5,Breakdown completed,,,,,,97.23,La Equidad - Deportivo Cali,,,True,2022-04-02 16:00:06,2022-04-02 18:24:04.781
270,2185685,2022-03-31 04:00:00,217,Colombia. Primera A,2,29,2022,13.0,Week 13,1501,Millonarios,1494,CD Popular Junior FC SA,1,0,5,Breakdown completed,,,,,,99.69,Millonarios - CD Popular Junior FC SA,,,True,2022-03-31 10:47:05,2022-05-03 01:43:01.93
271,2185692,2022-03-29 03:35:00,217,Colombia. Primera A,2,29,2022,13.0,Week 13,1492,Atletico Nacional,1505,Independiente Santa Fe,2,1,5,Breakdown completed,,,,,,97.82,Atletico Nacional - Independiente Santa Fe,,,True,2022-03-29 18:58:01,2022-03-30 00:23:05.325
272,2185687,2022-03-29 01:30:00,217,Colombia. Primera A,2,29,2022,13.0,Week 13,1498,Deportivo Pasto,3354,La Equidad,1,1,5,Breakdown completed,,,,,,95.64,Deportivo Pasto - La Equidad,,,True,2022-03-29 22:10:03,2022-03-31 10:56:01.521
273,2185694,2022-03-28 03:30:00,217,Colombia. Primera A,2,29,2022,13.0,Week 13,1497,Deportes Tolima,1491,America de Cali,1,0,5,Breakdown completed,,,,,,101.89,Deportes Tolima - America de Cali,,,True,2022-03-28 15:31:02,2022-03-29 19:45:05.164
274,2185688,2022-03-28 01:15:00,217,Colombia. Primera A,2,29,2022,13.0,Week 13,3365,Alianza Petrolera,3362,Patriotas Boyaca,2,1,5,Breakdown completed,,,,,,98.21,Alianza Petrolera - Patriotas Boyaca,,,True,2022-03-28 08:23:01,2022-03-30 08:11:03.988
275,2185690,2022-03-27 23:10:00,217,Colombia. Primera A,2,29,2022,13.0,Week 13,1495,Deportivo Cali,1503,Cortulua,2,1,5,Breakdown completed,,,,,,102.51,Deportivo Cali - Cortulua,,,True,2022-03-28 14:09:03,2022-03-30 02:00:01.981
276,2185686,2022-03-27 04:15:00,217,Colombia. Primera A,2,29,2022,13.0,Week 13,1496,Deportivo Pereira,1500,Independiente Medellin,1,1,5,Breakdown completed,,,,,,100.55,Deportivo Pereira - Independiente Medellin,,,True,2022-03-27 22:25:06,2022-04-29 09:41:01.416
277,2185691,2022-03-27 02:10:00,217,Colombia. Primera A,2,29,2022,13.0,Week 13,1508,Union Magdalena,3356,Aguilas Doradas,2,1,5,Breakdown completed,,,,,,105.14,Union Magdalena - Aguilas Doradas,,,True,2022-03-27 07:58:03,2022-04-28 19:27:07.493
278,2185693,2022-03-27 00:05:00,217,Colombia. Primera A,2,29,2022,13.0,Week 13,1506,Envigado,1493,Once Caldas,1,1,5,Breakdown completed,,,,,,99.26,Envigado - Once Caldas,,,True,2022-03-27 08:04:05,2022-03-29 04:50:01.165
279,2185689,2022-03-26 22:00:00,217,Colombia. Primera A,2,29,2022,13.0,Week 13,1502,Atletico Bucaramanga,10195,Jaguares de Cordoba,1,0,5,Breakdown completed,,,,,,97.74,Atletico Bucaramanga - Jaguares de Cordoba,,,True,2022-03-27 08:33:04,2022-04-30 03:43:04.018
280,2184403,2022-03-26 00:00:00,217,Colombia. Primera A,2,29,2022,12.0,Week 12,1494,CD Popular Junior FC SA,1498,Deportivo Pasto,1,1,5,Breakdown completed,,,,,,98.92,CD Popular Junior FC SA - Deportivo Pasto,,,True,2022-03-26 11:12:03,2022-03-27 01:09:05.003
281,2184404,2022-03-24 04:15:00,217,Colombia. Primera A,2,29,2022,12.0,Week 12,1500,Independiente Medellin,1501,Millonarios,1,0,5,Breakdown completed,,,,,,100.1,Independiente Medellin - Millonarios,,,True,2022-03-24 09:47:04,2022-04-26 00:55:02.562
282,2184405,2022-03-24 02:10:00,217,Colombia. Primera A,2,29,2022,12.0,Week 12,3356,Aguilas Doradas,1496,Deportivo Pereira,1,0,5,Breakdown completed,,,,,,97.35,Aguilas Doradas - Deportivo Pereira,,,True,2022-03-24 07:28:04,2022-03-24 07:56:04.77
283,2184400,2022-03-24 00:05:00,217,Colombia. Primera A,2,29,2022,12.0,Week 12,3354,La Equidad,3365,Alianza Petrolera,2,1,5,Breakdown completed,,,,,,98.3,La Equidad - Alianza Petrolera,,,True,2022-03-24 07:33:05,2022-03-24 10:59:03.125
284,2184396,2022-03-23 22:00:00,217,Colombia. Primera A,2,29,2022,12.0,Week 12,1503,Cortulua,1506,Envigado,1,1,5,Breakdown completed,,,,,,99.45,Cortulua - Envigado,,,True,2022-03-24 08:49:06,2022-04-26 04:15:03.463
285,2184399,2022-03-23 04:05:00,217,Colombia. Primera A,2,29,2022,12.0,Week 12,3362,Patriotas Boyaca,1491,America de Cali,2,1,5,Breakdown completed,,,,,,97.37,Patriotas Boyaca - America de Cali,,,True,2022-03-23 09:59:06,2022-03-23 15:28:04.582
286,2184397,2022-03-23 02:00:00,217,Colombia. Primera A,2,29,2022,12.0,Week 12,1493,Once Caldas,1497,Deportes Tolima,2,2,5,Breakdown completed,,,,,,99.96,Once Caldas - Deportes Tolima,,,True,2022-03-23 09:15:06,2022-04-24 23:53:04.519
287,2184401,2022-03-22 04:15:00,217,Colombia. Primera A,2,29,2022,12.0,Week 12,1505,Independiente Santa Fe,1502,Atletico Bucaramanga,3,1,5,Breakdown completed,,,,,,95.49,Independiente Santa Fe - Atletico Bucaramanga,,,True,2022-03-22 10:33:06,2022-04-24 00:15:03.614
288,2184402,2022-03-22 02:10:00,217,Colombia. Primera A,2,29,2022,12.0,Week 12,1495,Deportivo Cali,1492,Atletico Nacional,3,3,5,Breakdown completed,,,,,,98.74,Deportivo Cali - Atletico Nacional,,,True,2022-03-22 10:19:04,2022-04-24 00:09:01.926
289,2184398,2022-03-21 23:45:00,217,Colombia. Primera A,2,29,2022,12.0,Week 12,10195,Jaguares de Cordoba,1508,Union Magdalena,2,0,5,Breakdown completed,,,,,,102.45,Jaguares de Cordoba - Union Magdalena,,,True,2022-03-22 08:34:06,2022-04-24 23:08:00.917
290,2184288,2022-03-21 02:10:00,217,Colombia. Primera A,2,29,2022,11.0,Week 11,1496,Deportivo Pereira,1494,CD Popular Junior FC SA,1,0,5,Breakdown completed,,,,,,97.75,Deportivo Pereira - CD Popular Junior FC SA,,,True,2022-03-21 09:56:04,2022-04-22 16:08:01.676
291,2184295,2022-03-21 00:05:00,217,Colombia. Primera A,2,29,2022,11.0,Week 11,1506,Envigado,3354,La Equidad,1,1,5,Breakdown completed,,,,,,107.76,Envigado - La Equidad,,,True,2022-03-21 10:14:04,2022-04-24 23:03:01.262
292,2184292,2022-03-20 04:00:00,217,Colombia. Primera A,2,29,2022,11.0,Week 11,1491,America de Cali,1500,Independiente Medellin,1,3,5,Breakdown completed,,,,,,105.82,America de Cali - Independiente Medellin,,,True,2022-03-20 14:00:02,2022-03-20 19:48:02.448
293,2184290,2022-03-20 01:30:00,217,Colombia. Primera A,2,29,2022,11.0,Week 11,3365,Alianza Petrolera,3356,Aguilas Doradas,2,1,5,Breakdown completed,,,,,,96.79,Alianza Petrolera - Aguilas Doradas,,,True,2022-03-20 10:05:01,2022-03-21 20:40:02.064
294,2184287,2022-03-19 04:00:00,217,Colombia. Primera A,2,29,2022,11.0,Week 11,1501,Millonarios,1493,Once Caldas,1,0,5,Breakdown completed,,,,,,98.36,Millonarios - Once Caldas,,,True,2022-03-19 09:58:04,2022-03-19 22:58:04.489
295,2184293,2022-03-19 01:30:00,217,Colombia. Primera A,2,29,2022,11.0,Week 11,1508,Union Magdalena,1503,Cortulua,0,2,5,Breakdown completed,,,,,,97.73,Union Magdalena - Cortulua,,,True,2022-03-19 11:23:02,2022-04-24 23:06:03.977
296,2184294,2022-03-18 03:45:00,217,Colombia. Primera A,2,29,2022,11.0,Week 11,1492,Atletico Nacional,10195,Jaguares de Cordoba,3,1,5,Breakdown completed,,,,,,96.61,Atletico Nacional - Jaguares de Cordoba,,,True,2022-03-18 17:40:02,2022-04-19 20:48:05.336
297,2184289,2022-03-17 04:10:00,217,Colombia. Primera A,2,29,2022,11.0,Week 11,1498,Deportivo Pasto,1505,Independiente Santa Fe,2,4,5,Breakdown completed,,,,,,100.71,Deportivo Pasto - Independiente Santa Fe,,,True,2022-03-17 13:15:03,2022-04-18 23:47:03.234
298,2184291,2022-03-17 02:05:00,217,Colombia. Primera A,2,29,2022,11.0,Week 11,1502,Atletico Bucaramanga,1495,Deportivo Cali,1,0,5,Breakdown completed,,,,,,101.43,Atletico Bucaramanga - Deportivo Cali,,,True,2022-03-17 13:34:05,2022-04-18 21:43:00.93
299,2184296,2022-03-17 00:00:00,217,Colombia. Primera A,2,29,2022,11.0,Week 11,1497,Deportes Tolima,3362,Patriotas Boyaca,1,2,5,Breakdown completed,,,,,,98.8,Deportes Tolima - Patriotas Boyaca,,,True,2022-03-18 06:25:03,2022-04-18 23:31:03.455
300,2181138,2022-03-10 04:00:00,217,Colombia. Primera A,2,29,2022,5.0,Week 5,1496,Deportivo Pereira,1493,Once Caldas,0,1,5,Breakdown completed,,,,,,98.77,Deportivo Pereira - Once Caldas,,,True,2022-03-10 08:16:04,2022-04-07 14:01:02.727
301,2182625,2022-03-09 03:35:00,217,Colombia. Primera A,2,29,2022,10.0,Week 10,10195,Jaguares de Cordoba,1498,Deportivo Pasto,1,0,5,Breakdown completed,,,,,,97.25,Jaguares de Cordoba - Deportivo Pasto,,,True,2022-03-09 12:42:01,2022-03-19 19:05:04.231
302,2182869,2022-03-09 01:30:00,217,Colombia. Primera A,2,29,2022,10.0,Week 10,3356,Aguilas Doradas,1506,Envigado,1,2,5,Breakdown completed,,,,,,97.82,Aguilas Doradas - Envigado,,,True,2022-03-09 11:40:00,2022-04-21 06:13:02.978
303,2182623,2022-03-08 03:40:00,217,Colombia. Primera A,2,29,2022,10.0,Week 10,1503,Cortulua,1497,Deportes Tolima,1,3,5,Breakdown completed,,,,,,95.88,Cortulua - Deportes Tolima,,,True,2022-03-08 12:49:03,2022-04-09 17:13:03.79
304,2182911,2022-03-07 04:15:00,217,Colombia. Primera A,2,29,2022,10.0,Week 10,1492,Atletico Nacional,1500,Independiente Medellin,2,0,5,Breakdown completed,,,,,,99.18,Atletico Nacional - Independiente Medellin,,,True,2022-03-07 21:16:02,2022-03-10 20:49:01.619
305,2182910,2022-03-07 02:10:00,217,Colombia. Primera A,2,29,2022,10.0,Week 10,1505,Independiente Santa Fe,1501,Millonarios,0,3,5,Breakdown completed,,,,,,99.35,Independiente Santa Fe - Millonarios,,,True,2022-03-07 17:29:02,2022-03-07 22:02:03.741
306,2182908,2022-03-07 00:05:00,217,Colombia. Primera A,2,29,2022,10.0,Week 10,3365,Alianza Petrolera,1502,Atletico Bucaramanga,2,2,5,Breakdown completed,,,,,,96.22,Alianza Petrolera - Atletico Bucaramanga,,,True,2022-03-07 08:55:00,2022-04-10 12:33:01.416
307,2182909,2022-03-06 04:15:00,217,Colombia. Primera A,2,29,2022,10.0,Week 10,3354,La Equidad,3362,Patriotas Boyaca,1,1,5,Breakdown completed,,,,,,97.55,La Equidad - Patriotas Boyaca,,,True,2022-03-06 13:37:03,2022-03-09 00:05:02.404
308,2182626,2022-03-06 02:10:00,217,Colombia. Primera A,2,29,2022,10.0,Week 10,1495,Deportivo Cali,1491,America de Cali,0,1,5,Breakdown completed,,,,,,96.9,Deportivo Cali - America de Cali,,,True,2022-03-06 14:51:02,2022-03-09 00:20:01.225
309,2182697,2022-03-06 00:05:00,217,Colombia. Primera A,2,29,2022,10.0,Week 10,1494,CD Popular Junior FC SA,1508,Union Magdalena,3,1,5,Breakdown completed,,,,,,97.64,CD Popular Junior FC SA - Union Magdalena,,,True,2022-03-06 20:33:01,2022-04-24 23:06:03.977
310,2182624,2022-03-05 03:40:00,217,Colombia. Primera A,2,29,2022,10.0,Week 10,1493,Once Caldas,1496,Deportivo Pereira,0,0,5,Breakdown completed,,,,,,96.53,Once Caldas - Deportivo Pereira,,,True,2022-03-05 13:11:04,2022-04-07 00:45:03.615
311,2181959,2022-03-02 03:35:00,217,Colombia. Primera A,2,29,2022,9.0,Week 9,1500,Independiente Medellin,3356,Aguilas Doradas,4,0,5,Breakdown completed,,,,,,97.74,Independiente Medellin - Aguilas Doradas,,,True,2022-03-03 19:07:01,2022-04-07 17:31:02.031
312,2181954,2022-03-02 01:30:00,217,Colombia. Primera A,2,29,2022,9.0,Week 9,1498,Deportivo Pasto,3365,Alianza Petrolera,1,1,5,Breakdown completed,,,,,,100.68,Deportivo Pasto - Alianza Petrolera,,,True,2022-03-02 09:59:03,2022-03-06 04:04:00.304
313,2181956,2022-03-01 03:40:00,217,Colombia. Primera A,2,29,2022,9.0,Week 9,3362,Patriotas Boyaca,1505,Independiente Santa Fe,1,1,5,Breakdown completed,,,,,,104.59,Patriotas Boyaca - Independiente Santa Fe,,,True,2022-03-01 16:59:02,2022-04-03 03:11:02.072
314,2181957,2022-02-28 04:15:00,217,Colombia. Primera A,2,29,2022,9.0,Week 9,1491,America de Cali,1493,Once Caldas,2,0,5,Breakdown completed,,,,,,95.39,America de Cali - Once Caldas,,,True,2022-02-28 22:57:02,2022-04-02 13:58:03.96
315,2181955,2022-02-28 02:10:00,217,Colombia. Primera A,2,29,2022,9.0,Week 9,1502,Atletico Bucaramanga,1492,Atletico Nacional,3,1,5,Breakdown completed,,,,,,96.19,Atletico Bucaramanga - Atletico Nacional,,,True,2022-02-28 15:05:02,2022-04-07 17:28:03.653
316,2181958,2022-02-28 00:05:00,217,Colombia. Primera A,2,29,2022,9.0,Week 9,1508,Union Magdalena,1495,Deportivo Cali,0,2,5,Breakdown completed,,,,,,97.39,Union Magdalena - Deportivo Cali,,,True,2022-02-28 10:48:03,2022-03-06 04:04:00.304
317,2181952,2022-02-27 04:15:00,217,Colombia. Primera A,2,29,2022,9.0,Week 9,1501,Millonarios,1503,Cortulua,1,0,5,Breakdown completed,,,,,,98.32,Millonarios - Cortulua,,,True,2022-02-27 14:25:05,2022-04-01 09:42:05.756
318,2181961,2022-02-27 02:10:00,217,Colombia. Primera A,2,29,2022,9.0,Week 9,1497,Deportes Tolima,1494,CD Popular Junior FC SA,0,2,5,Breakdown completed,,,,,,98.47,Deportes Tolima - CD Popular Junior FC SA,,,True,2022-02-27 14:21:02,2022-04-01 09:42:05.756
319,2181953,2022-02-27 00:05:00,217,Colombia. Primera A,2,29,2022,9.0,Week 9,1496,Deportivo Pereira,3354,La Equidad,2,3,5,Breakdown completed,,,,,,101.85,Deportivo Pereira - La Equidad,,,True,2022-02-28 19:05:04,2022-03-06 03:51:01.597
320,2181960,2022-02-26 22:00:00,217,Colombia. Primera A,2,29,2022,9.0,Week 9,1506,Envigado,10195,Jaguares de Cordoba,3,1,5,Breakdown completed,,,,,,98.78,Envigado - Jaguares de Cordoba,,,True,2022-02-27 10:20:01,2022-04-02 03:33:03.259
321,2181675,2022-02-23 04:05:00,217,Colombia. Primera A,2,29,2022,8.0,Week 8,1493,Once Caldas,1498,Deportivo Pasto,3,0,5,Breakdown completed,,,,,,96.6,Once Caldas - Deportivo Pasto,,,True,2022-02-23 22:17:02,2022-04-30 01:11:04.612
322,2181682,2022-02-23 01:30:00,217,Colombia. Primera A,2,29,2022,8.0,Week 8,3356,Aguilas Doradas,3362,Patriotas Boyaca,1,0,5,Breakdown completed,,,,,,96.17,Aguilas Doradas - Patriotas Boyaca,,,True,2022-02-23 16:04:03,2022-03-28 19:49:04.444
323,2181677,2022-02-22 03:40:00,217,Colombia. Primera A,2,29,2022,8.0,Week 8,1502,Atletico Bucaramanga,1506,Envigado,1,2,5,Breakdown completed,,,,,,96.8,Atletico Bucaramanga - Envigado,,,True,2022-02-24 18:07:05,2022-04-29 12:08:03.641
324,2181678,2022-02-21 04:15:00,217,Colombia. Primera A,2,29,2022,8.0,Week 8,3354,La Equidad,1497,Deportes Tolima,0,0,5,Breakdown completed,,,,,,104.17,La Equidad - Deportes Tolima,,,True,2022-02-21 10:28:05,2022-03-06 02:56:01.206
325,2181680,2022-02-21 02:10:00,217,Colombia. Primera A,2,29,2022,8.0,Week 8,1494,CD Popular Junior FC SA,1491,America de Cali,1,0,5,Breakdown completed,,,,,,99.33,CD Popular Junior FC SA - America de Cali,,,True,2022-02-21 11:14:01,2022-02-22 22:18:03.182
326,2181679,2022-02-21 00:05:00,217,Colombia. Primera A,2,29,2022,8.0,Week 8,1495,Deportivo Cali,3365,Alianza Petrolera,1,1,5,Breakdown completed,,,,,,96.43,Deportivo Cali - Alianza Petrolera,,,True,2022-02-21 11:41:02,2022-02-23 10:20:04.773
327,2181674,2022-02-20 22:00:00,217,Colombia. Primera A,2,29,2022,8.0,Week 8,1503,Cortulua,1496,Deportivo Pereira,2,1,5,Breakdown completed,,,,,,102.06,Cortulua - Deportivo Pereira,,,True,2022-02-21 10:28:05,2022-02-22 11:17:03.371
328,2181681,2022-02-20 04:15:00,217,Colombia. Primera A,2,29,2022,8.0,Week 8,1492,Atletico Nacional,1508,Union Magdalena,1,0,5,Breakdown completed,,,,,,98.28,Atletico Nacional - Union Magdalena,,,True,2022-02-20 10:47:04,2022-04-27 07:29:02.748
329,2181676,2022-02-20 02:10:00,217,Colombia. Primera A,2,29,2022,8.0,Week 8,10195,Jaguares de Cordoba,1501,Millonarios,1,2,5,Breakdown completed,,,,,,97.58,Jaguares de Cordoba - Millonarios,,,True,2022-02-20 12:22:03,2022-02-22 12:59:04.824
330,2181722,2022-02-20 00:05:00,217,Colombia. Primera A,2,29,2022,8.0,Week 8,1505,Independiente Santa Fe,1500,Independiente Medellin,1,0,5,Breakdown completed,,,,,,99.59,Independiente Santa Fe - Independiente Medellin,,,True,2022-02-20 13:29:02,2022-02-23 04:28:02.663
331,2181465,2022-02-18 04:15:00,217,Colombia. Primera A,2,29,2022,7.0,Week 7,1491,America de Cali,3354,La Equidad,1,1,5,Breakdown completed,,,,,,96.05,America de Cali - La Equidad,,,True,2022-02-18 09:52:04,2022-03-23 01:34:05.204
332,2181464,2022-02-18 02:10:00,217,Colombia. Primera A,2,29,2022,7.0,Week 7,1498,Deportivo Pasto,1495,Deportivo Cali,2,0,5,Breakdown completed,,,,,,100.46,Deportivo Pasto - Deportivo Cali,,,True,2022-02-18 09:00:05,2022-03-23 01:34:05.204
333,2181440,2022-02-18 00:05:00,217,Colombia. Primera A,2,29,2022,7.0,Week 7,3365,Alianza Petrolera,1503,Cortulua,0,0,5,Breakdown completed,,,,,,97.55,Alianza Petrolera - Cortulua,,,True,2022-02-18 08:38:04,2022-03-21 19:14:01.252
334,2181441,2022-02-17 22:00:00,217,Colombia. Primera A,2,29,2022,7.0,Week 7,3362,Patriotas Boyaca,1493,Once Caldas,0,0,5,Breakdown completed,,,,,,98.69,Patriotas Boyaca - Once Caldas,,,True,2022-02-18 05:48:03,2022-04-23 11:29:01.793
335,2181467,2022-02-17 04:15:00,217,Colombia. Primera A,2,29,2022,7.0,Week 7,1500,Independiente Medellin,1494,CD Popular Junior FC SA,2,0,5,Breakdown completed,,,,,,98.05,Independiente Medellin - CD Popular Junior FC SA,,,True,2022-02-17 13:27:03,2022-04-07 16:01:04.501
336,2181462,2022-02-17 02:10:00,217,Colombia. Primera A,2,29,2022,7.0,Week 7,1501,Millonarios,3356,Aguilas Doradas,2,0,5,Breakdown completed,,,,,,95.96,Millonarios - Aguilas Doradas,,,True,2022-02-17 16:43:04,2022-04-16 09:03:00.116
337,2181469,2022-02-17 00:05:00,217,Colombia. Primera A,2,29,2022,7.0,Week 7,1497,Deportes Tolima,1505,Independiente Santa Fe,3,0,5,Breakdown completed,,,,,,100.97,Deportes Tolima - Independiente Santa Fe,,,True,2022-02-17 10:54:03,2022-02-17 13:22:00.402
338,2181463,2022-02-16 22:00:00,217,Colombia. Primera A,2,29,2022,7.0,Week 7,1496,Deportivo Pereira,10195,Jaguares de Cordoba,2,1,5,Breakdown completed,,,,,,97.43,Deportivo Pereira - Jaguares de Cordoba,,,True,2022-02-17 11:04:03,2022-02-19 11:50:00.392
339,2181468,2022-02-16 04:05:00,217,Colombia. Primera A,2,29,2022,7.0,Week 7,1506,Envigado,1492,Atletico Nacional,1,2,5,Breakdown completed,,,,,,98.82,Envigado - Atletico Nacional,,,True,2022-02-17 11:34:01,2022-04-07 15:49:02.655
340,2181466,2022-02-16 02:00:00,217,Colombia. Primera A,2,29,2022,7.0,Week 7,1508,Union Magdalena,1502,Atletico Bucaramanga,0,1,5,Breakdown completed,,,,,,101.43,Union Magdalena - Atletico Bucaramanga,,,True,2022-02-16 17:30:00,2022-03-29 05:46:04.807
341,2181331,2022-02-14 04:10:00,217,Colombia. Primera A,2,29,2022,6.0,Week 6,10195,Jaguares de Cordoba,1497,Deportes Tolima,0,2,5,Breakdown completed,,,,,,100.75,Jaguares de Cordoba - Deportes Tolima,,,True,2022-02-14 11:10:05,2022-02-17 12:15:00.999
342,2181356,2022-02-14 02:05:00,217,Colombia. Primera A,2,29,2022,6.0,Week 6,1495,Deportivo Cali,1501,Millonarios,0,2,5,Breakdown completed,,,,,,99.73,Deportivo Cali - Millonarios,,,True,2022-02-14 11:57:01,2022-02-17 12:15:00.999
343,2181333,2022-02-14 00:00:00,217,Colombia. Primera A,2,29,2022,6.0,Week 6,1505,Independiente Santa Fe,1496,Deportivo Pereira,1,2,5,Breakdown completed,,,,,,101.45,Independiente Santa Fe - Deportivo Pereira,,,True,2022-02-14 11:51:03,2022-02-17 12:15:00.999
344,2181335,2022-02-13 04:15:00,217,Colombia. Primera A,2,29,2022,6.0,Week 6,3356,Aguilas Doradas,1491,America de Cali,2,0,5,Breakdown completed,,,,,,99.81,Aguilas Doradas - America de Cali,,,True,2022-02-13 10:52:00,2022-03-18 03:37:02.123
345,2181354,2022-02-13 02:10:00,217,Colombia. Primera A,2,29,2022,6.0,Week 6,1493,Once Caldas,1494,CD Popular Junior FC SA,1,0,5,Breakdown completed,,,,,,99.63,Once Caldas - CD Popular Junior FC SA,,,True,2022-02-13 10:16:04,2022-02-17 12:15:00.999
346,2181355,2022-02-13 00:05:00,217,Colombia. Primera A,2,29,2022,6.0,Week 6,3354,La Equidad,1500,Independiente Medellin,2,0,5,Breakdown completed,,,,,,98.32,La Equidad - Independiente Medellin,,,True,2022-02-13 11:25:01,2022-02-17 12:15:00.999
347,2181353,2022-02-12 22:00:00,217,Colombia. Primera A,2,29,2022,6.0,Week 6,1503,Cortulua,3362,Patriotas Boyaca,1,0,5,Breakdown completed,,,,,,96.95,Cortulua - Patriotas Boyaca,,,True,2022-02-13 12:35:02,2022-04-20 07:09:02.561
348,2181357,2022-02-12 04:10:00,217,Colombia. Primera A,2,29,2022,6.0,Week 6,1492,Atletico Nacional,3365,Alianza Petrolera,0,0,5,Breakdown completed,,,,,,103.6,Atletico Nacional - Alianza Petrolera,,,True,2022-02-12 16:00:06,2022-04-17 07:19:04.424
349,2181332,2022-02-12 02:05:00,217,Colombia. Primera A,2,29,2022,6.0,Week 6,1502,Atletico Bucaramanga,1498,Deportivo Pasto,0,1,5,Breakdown completed,,,,,,99.02,Atletico Bucaramanga - Deportivo Pasto,,,True,2022-02-12 17:15:02,2022-04-07 15:15:03.389
350,2181334,2022-02-12 00:00:00,217,Colombia. Primera A,2,29,2022,6.0,Week 6,1508,Union Magdalena,1506,Envigado,2,1,5,Breakdown completed,,,,,,100.4,Union Magdalena - Envigado,,,True,2022-02-12 10:23:03,2022-04-18 22:23:03.589
351,2181139,2022-02-09 02:00:00,217,Colombia. Primera A,2,29,2022,5.0,Week 5,1500,Independiente Medellin,1503,Cortulua,3,1,5,Breakdown completed,,,,,,97.74,Independiente Medellin - Cortulua,,,True,2022-02-09 09:02:01,2022-03-12 06:09:04.637
352,2181108,2022-02-08 04:15:00,217,Colombia. Primera A,2,29,2022,5.0,Week 5,1491,America de Cali,1505,Independiente Santa Fe,2,2,5,Breakdown completed,,,,,,100.4,America de Cali - Independiente Santa Fe,,,True,2022-02-08 10:43:04,2022-02-17 12:15:00.999
353,2181109,2022-02-08 02:10:00,217,Colombia. Primera A,2,29,2022,5.0,Week 5,1494,CD Popular Junior FC SA,3356,Aguilas Doradas,2,1,5,Breakdown completed,,,,,,101.59,CD Popular Junior FC SA - Aguilas Doradas,,,True,2022-02-08 14:13:02,2022-04-28 05:34:02.192
354,2181091,2022-02-08 00:05:00,217,Colombia. Primera A,2,29,2022,5.0,Week 5,3365,Alianza Petrolera,10195,Jaguares de Cordoba,2,0,5,Breakdown completed,,,,,,99.73,Alianza Petrolera - Jaguares de Cordoba,,,True,2022-02-08 06:56:03,2022-04-13 19:31:05.032
355,2181090,2022-02-07 04:15:00,217,Colombia. Primera A,2,29,2022,5.0,Week 5,1498,Deportivo Pasto,1492,Atletico Nacional,0,1,5,Breakdown completed,,,,,,98.69,Deportivo Pasto - Atletico Nacional,,,True,2022-02-07 12:06:04,2022-02-20 04:27:01.369
356,2181089,2022-02-07 02:10:00,217,Colombia. Primera A,2,29,2022,5.0,Week 5,1501,Millonarios,1508,Union Magdalena,1,0,5,Breakdown completed,,,,,,98.19,Millonarios - Union Magdalena,,,True,2022-02-07 06:53:05,2022-04-24 23:04:02.14
357,2181048,2022-02-07 00:05:00,217,Colombia. Primera A,2,29,2022,5.0,Week 5,1497,Deportes Tolima,1502,Atletico Bucaramanga,2,1,5,Breakdown completed,,,,,,95.36,Deportes Tolima - Atletico Bucaramanga,,,True,2022-02-07 15:16:03,2022-02-17 12:15:00.999
358,2181047,2022-02-06 22:00:00,217,Colombia. Primera A,2,29,2022,5.0,Week 5,3362,Patriotas Boyaca,3354,La Equidad,0,1,5,Breakdown completed,,,,,,97.54,Patriotas Boyaca - La Equidad,,,True,2022-02-07 07:28:02,2022-02-17 12:15:00.999
359,2180838,2022-02-06 00:05:00,217,Colombia. Primera A,2,29,2022,5.0,Week 5,1506,Envigado,1495,Deportivo Cali,1,0,5,Breakdown completed,,,,,,100.66,Envigado - Deportivo Cali,,,True,2022-02-06 08:56:03,2022-02-11 21:02:02.711
360,2180837,2022-02-05 04:00:00,217,Colombia. Primera A,2,29,2022,4.0,Week 4,1493,Once Caldas,1500,Independiente Medellin,2,1,5,Breakdown completed,,,,,,99.89,Once Caldas - Independiente Medellin,,,True,2022-02-05 09:59:04,2022-02-11 21:10:01.974
361,2180748,2022-02-05 00:00:00,217,Colombia. Primera A,2,29,2022,4.0,Week 4,1503,Cortulua,1491,America de Cali,2,0,5,Breakdown completed,,,,,,96.33,Cortulua - America de Cali,,,True,2022-02-05 11:16:03,2022-03-05 23:07:04.026
362,2180750,2022-02-04 04:15:00,217,Colombia. Primera A,2,29,2022,4.0,Week 4,1492,Atletico Nacional,1497,Deportes Tolima,0,1,5,Breakdown completed,,,,,,101.89,Atletico Nacional - Deportes Tolima,,,True,2022-02-04 18:47:03,2022-02-10 04:26:03.865
363,2180749,2022-02-04 02:10:00,217,Colombia. Primera A,2,29,2022,4.0,Week 4,10195,Jaguares de Cordoba,3362,Patriotas Boyaca,3,1,5,Breakdown completed,,,,,,96.49,Jaguares de Cordoba - Patriotas Boyaca,,,True,2022-02-04 07:52:03,2022-02-17 12:15:00.999
364,2180733,2022-02-04 00:05:00,217,Colombia. Primera A,2,29,2022,4.0,Week 4,1508,Union Magdalena,1498,Deportivo Pasto,0,0,5,Breakdown completed,,,,,,99.84,Union Magdalena - Deportivo Pasto,,,True,2022-02-04 07:08:02,2022-04-07 12:59:05.273
365,2180730,2022-02-03 22:00:00,217,Colombia. Primera A,2,29,2022,4.0,Week 4,3354,La Equidad,3356,Aguilas Doradas,0,1,5,Breakdown completed,,,,,,99.44,La Equidad - Aguilas Doradas,,,True,2022-02-04 09:24:00,2022-02-09 20:02:00.084
366,2180731,2022-02-03 04:15:00,217,Colombia. Primera A,2,29,2022,4.0,Week 4,1505,Independiente Santa Fe,1494,CD Popular Junior FC SA,2,1,5,Breakdown completed,,,,,,98.94,Independiente Santa Fe - CD Popular Junior FC SA,,,True,2022-02-03 15:55:02,2022-04-07 05:33:05.549
367,2180732,2022-02-03 02:10:00,217,Colombia. Primera A,2,29,2022,4.0,Week 4,1495,Deportivo Cali,1496,Deportivo Pereira,1,0,5,Breakdown completed,,,,,,97.82,Deportivo Cali - Deportivo Pereira,,,True,2022-02-03 09:13:03,2022-04-07 01:35:03.636
368,2180704,2022-02-03 00:05:00,217,Colombia. Primera A,2,29,2022,4.0,Week 4,1506,Envigado,1501,Millonarios,0,0,5,Breakdown completed,,,,,,94.66,Envigado - Millonarios,,,True,2022-02-03 04:51:04,2022-04-07 12:59:05.273
369,2180703,2022-02-02 22:00:00,217,Colombia. Primera A,2,29,2022,4.0,Week 4,1502,Atletico Bucaramanga,3365,Alianza Petrolera,2,1,5,Breakdown completed,,,,,,102.16,Atletico Bucaramanga - Alianza Petrolera,,,True,2022-02-03 08:53:02,2022-04-08 23:57:03.899
370,2180676,2022-02-01 04:05:00,217,Colombia. Primera A,2,29,2022,3.0,Week 3,1497,Deportes Tolima,1508,Union Magdalena,2,1,5,Breakdown completed,,,,,,98.33,Deportes Tolima - Union Magdalena,,,True,2022-02-01 11:16:04,2022-04-08 13:37:02.371
371,2180675,2022-02-01 02:00:00,217,Colombia. Primera A,2,29,2022,3.0,Week 3,1498,Deportivo Pasto,10195,Jaguares de Cordoba,1,1,5,Breakdown completed,,,,,,100.5,Deportivo Pasto - Jaguares de Cordoba,,,True,2022-02-01 10:27:05,2022-03-07 04:44:02.668
372,2180654,2022-01-31 04:15:00,217,Colombia. Primera A,2,29,2022,3.0,Week 3,3365,Alianza Petrolera,1506,Envigado,2,2,5,Breakdown completed,,,,,,102.01,Alianza Petrolera - Envigado,,,True,2022-01-31 10:28:03,2022-04-04 11:14:04.262
373,2180655,2022-01-31 02:10:00,217,Colombia. Primera A,2,29,2022,3.0,Week 3,1491,America de Cali,1502,Atletico Bucaramanga,3,0,5,Breakdown completed,,,,,,97.53,America de Cali - Atletico Bucaramanga,,,True,2022-01-31 09:39:05,2022-04-04 11:07:02.308
374,2179847,2022-01-31 00:05:00,217,Colombia. Primera A,2,29,2022,3.0,Week 3,1500,Independiente Medellin,1495,Deportivo Cali,2,0,5,Breakdown completed,,,,,,96.98,Independiente Medellin - Deportivo Cali,,,True,2022-01-31 12:42:05,2022-03-02 20:58:02.157
375,2179845,2022-01-30 22:00:00,217,Colombia. Primera A,2,29,2022,3.0,Week 3,3362,Patriotas Boyaca,1496,Deportivo Pereira,2,3,5,Breakdown completed,,,,,,96.12,Patriotas Boyaca - Deportivo Pereira,,,True,2022-01-31 08:36:05,2022-03-02 16:44:48.412
376,2179778,2022-01-30 04:15:00,217,Colombia. Primera A,2,29,2022,3.0,Week 3,1501,Millonarios,1492,Atletico Nacional,0,2,5,Breakdown completed,,,,,,97.45,Millonarios - Atletico Nacional,,,True,2022-01-30 13:50:03,2022-03-01 22:12:01.862
377,2179846,2022-01-30 02:10:00,217,Colombia. Primera A,2,29,2022,3.0,Week 3,1494,CD Popular Junior FC SA,3354,La Equidad,1,0,5,Breakdown completed,,,,,,98.91,CD Popular Junior FC SA - La Equidad,,,True,2022-01-30 11:15:03,2022-03-01 17:51:04.866
378,2179294,2022-01-30 00:05:00,217,Colombia. Primera A,2,29,2022,3.0,Week 3,3356,Aguilas Doradas,1493,Once Caldas,1,1,5,Breakdown completed,,,,,,101.04,Aguilas Doradas - Once Caldas,,,True,2022-01-30 08:38:03,2022-04-03 11:08:01.971
379,2179293,2022-01-29 22:00:00,217,Colombia. Primera A,2,29,2022,3.0,Week 3,1503,Cortulua,1505,Independiente Santa Fe,1,1,5,Breakdown completed,,,,,,102.62,Cortulua - Independiente Santa Fe,,,True,2022-01-30 10:52:05,2022-03-01 21:37:04.166
380,2179216,2022-01-28 04:10:00,217,Colombia. Primera A,2,29,2022,2.0,Week 2,1496,Deportivo Pereira,1491,America de Cali,1,1,5,Breakdown completed,,,,,,97.44,Deportivo Pereira - America de Cali,,,True,2022-01-29 07:53:03,2022-04-03 06:03:05.908
381,2179217,2022-01-28 02:05:00,217,Colombia. Primera A,2,29,2022,2.0,Week 2,3362,Patriotas Boyaca,1500,Independiente Medellin,2,0,5,Breakdown completed,,,,,,97.74,Patriotas Boyaca - Independiente Medellin,,,True,2022-01-28 10:47:03,2022-02-17 12:15:00.999
382,2179186,2022-01-28 00:00:00,217,Colombia. Primera A,2,29,2022,2.0,Week 2,1508,Union Magdalena,3365,Alianza Petrolera,0,0,5,Breakdown completed,,,,,,97.93,Union Magdalena - Alianza Petrolera,,,True,2022-01-29 06:07:05,2022-04-03 06:03:05.908
383,2179187,2022-01-27 04:15:00,217,Colombia. Primera A,2,29,2022,2.0,Week 2,1492,Atletico Nacional,1494,CD Popular Junior FC SA,3,1,5,Breakdown completed,,,,,,98.19,Atletico Nacional - CD Popular Junior FC SA,,,True,2022-01-27 13:32:02,2022-04-03 06:03:05.908
384,2179185,2022-01-27 02:10:00,217,Colombia. Primera A,2,29,2022,2.0,Week 2,1495,Deportivo Cali,1497,Deportes Tolima,0,1,5,Breakdown completed,,,,,,98.26,Deportivo Cali - Deportes Tolima,,,True,2022-01-27 15:19:03,2022-02-17 12:15:00.999
385,2179141,2022-01-27 00:05:00,217,Colombia. Primera A,2,29,2022,2.0,Week 2,10195,Jaguares de Cordoba,1503,Cortulua,2,1,5,Breakdown completed,,,,,,102.85,Jaguares de Cordoba - Cortulua,,,True,2022-01-27 10:09:04,2022-02-17 12:15:00.999
386,2179143,2022-01-26 22:00:00,217,Colombia. Primera A,2,29,2022,2.0,Week 2,3354,La Equidad,1493,Once Caldas,1,2,5,Breakdown completed,,,,,,99.69,La Equidad - Once Caldas,,,True,2022-01-27 08:39:03,2022-04-03 06:03:05.908
387,2179142,2022-01-26 04:10:00,217,Colombia. Primera A,2,29,2022,2.0,Week 2,1502,Atletico Bucaramanga,1501,Millonarios,0,0,5,Breakdown completed,,,,,,98.95,Atletico Bucaramanga - Millonarios,,,True,2022-01-26 17:42:03,2022-04-03 06:28:02.337
388,2179144,2022-01-26 02:05:00,217,Colombia. Primera A,2,29,2022,2.0,Week 2,1505,Independiente Santa Fe,3356,Aguilas Doradas,3,0,5,Breakdown completed,,,,,,96.65,Independiente Santa Fe - Aguilas Doradas,,,True,2022-01-26 14:16:03,2022-02-17 12:15:00.999
389,2179101,2022-01-26 00:00:00,217,Colombia. Primera A,2,29,2022,2.0,Week 2,1506,Envigado,1498,Deportivo Pasto,1,0,5,Breakdown completed,,,,,,98.33,Envigado - Deportivo Pasto,,,True,2022-01-26 08:44:02,2022-04-03 06:01:01.942
390,2179058,2022-01-24 04:15:00,217,Colombia. Primera A,2,29,2022,1.0,Week 1,3365,Alianza Petrolera,1496,Deportivo Pereira,2,1,5,Breakdown completed,,,,,,100.63,Alianza Petrolera - Deportivo Pereira,,,True,2022-01-24 12:07:04,2022-04-03 06:01:01.942
391,2179057,2022-01-24 02:10:00,217,Colombia. Primera A,2,29,2022,1.0,Week 1,10195,Jaguares de Cordoba,1495,Deportivo Cali,2,1,5,Breakdown completed,,,,,,99.12,Jaguares de Cordoba - Deportivo Cali,,,True,2022-01-24 10:55:02,2022-03-01 11:51:19.89
392,2178995,2022-01-24 00:05:00,217,Colombia. Primera A,2,29,2022,1.0,Week 1,1500,Independiente Medellin,1497,Deportes Tolima,1,0,5,Breakdown completed,,,,,,96.65,Independiente Medellin - Deportes Tolima,,,True,2022-01-24 09:30:03,2022-04-03 05:55:05.309
393,2178964,2022-01-23 04:15:00,217,Colombia. Primera A,2,29,2022,1.0,Week 1,1494,CD Popular Junior FC SA,3362,Patriotas Boyaca,3,1,5,Breakdown completed,,,,,,99.4,CD Popular Junior FC SA - Patriotas Boyaca,,,True,2022-01-23 22:49:01,2022-04-03 05:55:05.309
394,2178994,2022-01-23 02:10:00,217,Colombia. Primera A,2,29,2022,1.0,Week 1,1493,Once Caldas,1508,Union Magdalena,1,1,5,Breakdown completed,,,,,,102.6,Once Caldas - Union Magdalena,,,True,2022-01-24 07:54:03,2022-04-03 05:55:05.309
395,2178874,2022-01-23 00:05:00,217,Colombia. Primera A,2,29,2022,1.0,Week 1,1503,Cortulua,1492,Atletico Nacional,1,1,5,Breakdown completed,,,,,,96.0,Cortulua - Atletico Nacional,,,True,2022-01-23 05:40:03,2022-02-17 12:15:00.999
396,2178875,2022-01-22 04:05:00,217,Colombia. Primera A,2,29,2022,1.0,Week 1,1498,Deportivo Pasto,1501,Millonarios,0,1,5,Breakdown completed,,,,,,99.8,Deportivo Pasto - Millonarios,,,True,2022-01-22 12:00:01,2022-02-17 12:15:00.999
397,2178812,2022-01-22 02:00:00,217,Colombia. Primera A,2,29,2022,1.0,Week 1,1505,Independiente Santa Fe,3354,La Equidad,1,1,5,Breakdown completed,,,,,,98.59,Independiente Santa Fe - La Equidad,,,True,2022-01-22 10:08:00,2022-02-17 12:15:00.999
398,2178779,2022-01-21 04:05:00,217,Colombia. Primera A,2,29,2022,1.0,Week 1,1491,America de Cali,1506,Envigado,1,0,5,Breakdown completed,,,,,,96.52,America de Cali - Envigado,,,True,2022-01-21 09:04:03,2022-04-13 18:36:01.686
399,2178780,2022-01-21 02:00:00,217,Colombia. Primera A,2,29,2022,1.0,Week 1,3356,Aguilas Doradas,1502,Atletico Bucaramanga,1,1,5,Breakdown completed,,,,,,98.15,Aguilas Doradas - Atletico Bucaramanga,,,True,2022-01-21 06:40:03,2022-04-16 09:07:04.753
